sample-id	absolute-filepath
1939.MGH100079	/dartfs-hpc/rc/lab/H/HoenA/Lab/QNguyen/ResultsFiles/data/gevers_data/fastq/1939.MGH100079.fastq.gz
1939.MGH100698	/dartfs-hpc/rc/lab/H/HoenA/Lab/QNguyen/ResultsFiles/data/gevers_data/fastq/1939.MGH100698.fastq.gz
1939.MGH100896.a	/dartfs-hpc/rc/lab/H/HoenA/Lab/QNguyen/ResultsFiles/data/gevers_data/fastq/1939.MGH100896.a.fastq.gz
1939.MGH100896.b	/dartfs-hpc/rc/lab/H/HoenA/Lab/QNguyen/ResultsFiles/data/gevers_data/fastq/1939.MGH100896.b.fastq.gz
1939.MGH101010	/dartfs-hpc/rc/lab/H/HoenA/Lab/QNguyen/ResultsFiles/data/gevers_data/fastq/1939.MGH101010.fastq.gz
1939.MGH101089	/dartfs-hpc/rc/lab/H/HoenA/Lab/QNguyen/ResultsFiles/data/gevers_data/fastq/1939.MGH101089.fastq.gz
1939.MGH102701	/dartfs-hpc/rc/lab/H/HoenA/Lab/QNguyen/ResultsFiles/data/gevers_data/fastq/1939.MGH102701.fastq.gz
1939.MGH102797	/dartfs-hpc/rc/lab/H/HoenA/Lab/QNguyen/ResultsFiles/data/gevers_data/fastq/1939.MGH102797.fastq.gz
1939.MGH103108	/dartfs-hpc/rc/lab/H/HoenA/Lab/QNguyen/ResultsFiles/data/gevers_data/fastq/1939.MGH103108.fastq.gz
1939.MGH103128	/dartfs-hpc/rc/lab/H/HoenA/Lab/QNguyen/ResultsFiles/data/gevers_data/fastq/1939.MGH103128.fastq.gz
1939.MGH103660	/dartfs-hpc/rc/lab/H/HoenA/Lab/QNguyen/ResultsFiles/data/gevers_data/fastq/1939.MGH103660.fastq.gz
1939.MGH103728	/dartfs-hpc/rc/lab/H/HoenA/Lab/QNguyen/ResultsFiles/data/gevers_data/fastq/1939.MGH103728.fastq.gz
1939.MGH103785	/dartfs-hpc/rc/lab/H/HoenA/Lab/QNguyen/ResultsFiles/data/gevers_data/fastq/1939.MGH103785.fastq.gz
1939.MGH104119	/dartfs-hpc/rc/lab/H/HoenA/Lab/QNguyen/ResultsFiles/data/gevers_data/fastq/1939.MGH104119.fastq.gz
1939.MGH104824.a	/dartfs-hpc/rc/lab/H/HoenA/Lab/QNguyen/ResultsFiles/data/gevers_data/fastq/1939.MGH104824.a.fastq.gz
1939.MGH104824.b	/dartfs-hpc/rc/lab/H/HoenA/Lab/QNguyen/ResultsFiles/data/gevers_data/fastq/1939.MGH104824.b.fastq.gz
1939.MGH105234	/dartfs-hpc/rc/lab/H/HoenA/Lab/QNguyen/ResultsFiles/data/gevers_data/fastq/1939.MGH105234.fastq.gz
1939.MGH105361	/dartfs-hpc/rc/lab/H/HoenA/Lab/QNguyen/ResultsFiles/data/gevers_data/fastq/1939.MGH105361.fastq.gz
1939.MGH105618	/dartfs-hpc/rc/lab/H/HoenA/Lab/QNguyen/ResultsFiles/data/gevers_data/fastq/1939.MGH105618.fastq.gz
1939.MGH105693	/dartfs-hpc/rc/lab/H/HoenA/Lab/QNguyen/ResultsFiles/data/gevers_data/fastq/1939.MGH105693.fastq.gz
1939.MGH105700	/dartfs-hpc/rc/lab/H/HoenA/Lab/QNguyen/ResultsFiles/data/gevers_data/fastq/1939.MGH105700.fastq.gz
1939.MGH109339	/dartfs-hpc/rc/lab/H/HoenA/Lab/QNguyen/ResultsFiles/data/gevers_data/fastq/1939.MGH109339.fastq.gz
1939.MGH109531	/dartfs-hpc/rc/lab/H/HoenA/Lab/QNguyen/ResultsFiles/data/gevers_data/fastq/1939.MGH109531.fastq.gz
1939.MGH109812	/dartfs-hpc/rc/lab/H/HoenA/Lab/QNguyen/ResultsFiles/data/gevers_data/fastq/1939.MGH109812.fastq.gz
1939.MGH113059	/dartfs-hpc/rc/lab/H/HoenA/Lab/QNguyen/ResultsFiles/data/gevers_data/fastq/1939.MGH113059.fastq.gz
1939.MGH113364	/dartfs-hpc/rc/lab/H/HoenA/Lab/QNguyen/ResultsFiles/data/gevers_data/fastq/1939.MGH113364.fastq.gz
1939.SKBTI.0097	/dartfs-hpc/rc/lab/H/HoenA/Lab/QNguyen/ResultsFiles/data/gevers_data/fastq/1939.SKBTI.0097.fastq.gz
1939.SKBTI.0098.a	/dartfs-hpc/rc/lab/H/HoenA/Lab/QNguyen/ResultsFiles/data/gevers_data/fastq/1939.SKBTI.0098.a.fastq.gz
1939.SKBTI.0098.b	/dartfs-hpc/rc/lab/H/HoenA/Lab/QNguyen/ResultsFiles/data/gevers_data/fastq/1939.SKBTI.0098.b.fastq.gz
1939.SKBTI.0100	/dartfs-hpc/rc/lab/H/HoenA/Lab/QNguyen/ResultsFiles/data/gevers_data/fastq/1939.SKBTI.0100.fastq.gz
1939.SKBTI.0102.a	/dartfs-hpc/rc/lab/H/HoenA/Lab/QNguyen/ResultsFiles/data/gevers_data/fastq/1939.SKBTI.0102.a.fastq.gz
1939.SKBTI.0102.b	/dartfs-hpc/rc/lab/H/HoenA/Lab/QNguyen/ResultsFiles/data/gevers_data/fastq/1939.SKBTI.0102.b.fastq.gz
1939.SKBTI.0103	/dartfs-hpc/rc/lab/H/HoenA/Lab/QNguyen/ResultsFiles/data/gevers_data/fastq/1939.SKBTI.0103.fastq.gz
1939.SKBTI.0104	/dartfs-hpc/rc/lab/H/HoenA/Lab/QNguyen/ResultsFiles/data/gevers_data/fastq/1939.SKBTI.0104.fastq.gz
1939.SKBTI.0107.a	/dartfs-hpc/rc/lab/H/HoenA/Lab/QNguyen/ResultsFiles/data/gevers_data/fastq/1939.SKBTI.0107.a.fastq.gz
1939.SKBTI.0107.b	/dartfs-hpc/rc/lab/H/HoenA/Lab/QNguyen/ResultsFiles/data/gevers_data/fastq/1939.SKBTI.0107.b.fastq.gz
1939.SKBTI.0108	/dartfs-hpc/rc/lab/H/HoenA/Lab/QNguyen/ResultsFiles/data/gevers_data/fastq/1939.SKBTI.0108.fastq.gz
1939.SKBTI.0110	/dartfs-hpc/rc/lab/H/HoenA/Lab/QNguyen/ResultsFiles/data/gevers_data/fastq/1939.SKBTI.0110.fastq.gz
1939.SKBTI.0111	/dartfs-hpc/rc/lab/H/HoenA/Lab/QNguyen/ResultsFiles/data/gevers_data/fastq/1939.SKBTI.0111.fastq.gz
1939.SKBTI.0112.a	/dartfs-hpc/rc/lab/H/HoenA/Lab/QNguyen/ResultsFiles/data/gevers_data/fastq/1939.SKBTI.0112.a.fastq.gz
1939.SKBTI.0112.b	/dartfs-hpc/rc/lab/H/HoenA/Lab/QNguyen/ResultsFiles/data/gevers_data/fastq/1939.SKBTI.0112.b.fastq.gz
1939.SKBTI.0113	/dartfs-hpc/rc/lab/H/HoenA/Lab/QNguyen/ResultsFiles/data/gevers_data/fastq/1939.SKBTI.0113.fastq.gz
1939.SKBTI.0114	/dartfs-hpc/rc/lab/H/HoenA/Lab/QNguyen/ResultsFiles/data/gevers_data/fastq/1939.SKBTI.0114.fastq.gz
1939.SKBTI.0115.a	/dartfs-hpc/rc/lab/H/HoenA/Lab/QNguyen/ResultsFiles/data/gevers_data/fastq/1939.SKBTI.0115.a.fastq.gz
1939.SKBTI.0115.b	/dartfs-hpc/rc/lab/H/HoenA/Lab/QNguyen/ResultsFiles/data/gevers_data/fastq/1939.SKBTI.0115.b.fastq.gz
1939.SKBTI.0116	/dartfs-hpc/rc/lab/H/HoenA/Lab/QNguyen/ResultsFiles/data/gevers_data/fastq/1939.SKBTI.0116.fastq.gz
1939.SKBTI.0117	/dartfs-hpc/rc/lab/H/HoenA/Lab/QNguyen/ResultsFiles/data/gevers_data/fastq/1939.SKBTI.0117.fastq.gz
1939.SKBTI.0118	/dartfs-hpc/rc/lab/H/HoenA/Lab/QNguyen/ResultsFiles/data/gevers_data/fastq/1939.SKBTI.0118.fastq.gz
1939.SKBTI.0119	/dartfs-hpc/rc/lab/H/HoenA/Lab/QNguyen/ResultsFiles/data/gevers_data/fastq/1939.SKBTI.0119.fastq.gz
1939.SKBTI.0120	/dartfs-hpc/rc/lab/H/HoenA/Lab/QNguyen/ResultsFiles/data/gevers_data/fastq/1939.SKBTI.0120.fastq.gz
1939.SKBTI.0121	/dartfs-hpc/rc/lab/H/HoenA/Lab/QNguyen/ResultsFiles/data/gevers_data/fastq/1939.SKBTI.0121.fastq.gz
1939.SKBTI.0122.a	/dartfs-hpc/rc/lab/H/HoenA/Lab/QNguyen/ResultsFiles/data/gevers_data/fastq/1939.SKBTI.0122.a.fastq.gz
1939.SKBTI.0122.b	/dartfs-hpc/rc/lab/H/HoenA/Lab/QNguyen/ResultsFiles/data/gevers_data/fastq/1939.SKBTI.0122.b.fastq.gz
1939.SKBTI.0123	/dartfs-hpc/rc/lab/H/HoenA/Lab/QNguyen/ResultsFiles/data/gevers_data/fastq/1939.SKBTI.0123.fastq.gz
1939.SKBTI.0124	/dartfs-hpc/rc/lab/H/HoenA/Lab/QNguyen/ResultsFiles/data/gevers_data/fastq/1939.SKBTI.0124.fastq.gz
1939.SKBTI.0125	/dartfs-hpc/rc/lab/H/HoenA/Lab/QNguyen/ResultsFiles/data/gevers_data/fastq/1939.SKBTI.0125.fastq.gz
1939.SKBTI.0126	/dartfs-hpc/rc/lab/H/HoenA/Lab/QNguyen/ResultsFiles/data/gevers_data/fastq/1939.SKBTI.0126.fastq.gz
1939.SKBTI.0127	/dartfs-hpc/rc/lab/H/HoenA/Lab/QNguyen/ResultsFiles/data/gevers_data/fastq/1939.SKBTI.0127.fastq.gz
1939.SKBTI.0128	/dartfs-hpc/rc/lab/H/HoenA/Lab/QNguyen/ResultsFiles/data/gevers_data/fastq/1939.SKBTI.0128.fastq.gz
1939.SKBTI.0129	/dartfs-hpc/rc/lab/H/HoenA/Lab/QNguyen/ResultsFiles/data/gevers_data/fastq/1939.SKBTI.0129.fastq.gz
1939.SKBTI.0130	/dartfs-hpc/rc/lab/H/HoenA/Lab/QNguyen/ResultsFiles/data/gevers_data/fastq/1939.SKBTI.0130.fastq.gz
1939.SKBTI.0131	/dartfs-hpc/rc/lab/H/HoenA/Lab/QNguyen/ResultsFiles/data/gevers_data/fastq/1939.SKBTI.0131.fastq.gz
1939.SKBTI.0132	/dartfs-hpc/rc/lab/H/HoenA/Lab/QNguyen/ResultsFiles/data/gevers_data/fastq/1939.SKBTI.0132.fastq.gz
1939.SKBTI.0133	/dartfs-hpc/rc/lab/H/HoenA/Lab/QNguyen/ResultsFiles/data/gevers_data/fastq/1939.SKBTI.0133.fastq.gz
1939.SKBTI.0134.a	/dartfs-hpc/rc/lab/H/HoenA/Lab/QNguyen/ResultsFiles/data/gevers_data/fastq/1939.SKBTI.0134.a.fastq.gz
1939.SKBTI.0134.b	/dartfs-hpc/rc/lab/H/HoenA/Lab/QNguyen/ResultsFiles/data/gevers_data/fastq/1939.SKBTI.0134.b.fastq.gz
1939.SKBTI.0135	/dartfs-hpc/rc/lab/H/HoenA/Lab/QNguyen/ResultsFiles/data/gevers_data/fastq/1939.SKBTI.0135.fastq.gz
1939.SKBTI.0136.a	/dartfs-hpc/rc/lab/H/HoenA/Lab/QNguyen/ResultsFiles/data/gevers_data/fastq/1939.SKBTI.0136.a.fastq.gz
1939.SKBTI.0136.b	/dartfs-hpc/rc/lab/H/HoenA/Lab/QNguyen/ResultsFiles/data/gevers_data/fastq/1939.SKBTI.0136.b.fastq.gz
1939.SKBTI.0137	/dartfs-hpc/rc/lab/H/HoenA/Lab/QNguyen/ResultsFiles/data/gevers_data/fastq/1939.SKBTI.0137.fastq.gz
1939.SKBTI.0138	/dartfs-hpc/rc/lab/H/HoenA/Lab/QNguyen/ResultsFiles/data/gevers_data/fastq/1939.SKBTI.0138.fastq.gz
1939.SKBTI.0139	/dartfs-hpc/rc/lab/H/HoenA/Lab/QNguyen/ResultsFiles/data/gevers_data/fastq/1939.SKBTI.0139.fastq.gz
1939.SKBTI.0140	/dartfs-hpc/rc/lab/H/HoenA/Lab/QNguyen/ResultsFiles/data/gevers_data/fastq/1939.SKBTI.0140.fastq.gz
1939.SKBTI.0141.a	/dartfs-hpc/rc/lab/H/HoenA/Lab/QNguyen/ResultsFiles/data/gevers_data/fastq/1939.SKBTI.0141.a.fastq.gz
1939.SKBTI.0141.b	/dartfs-hpc/rc/lab/H/HoenA/Lab/QNguyen/ResultsFiles/data/gevers_data/fastq/1939.SKBTI.0141.b.fastq.gz
1939.SKBTI.0142	/dartfs-hpc/rc/lab/H/HoenA/Lab/QNguyen/ResultsFiles/data/gevers_data/fastq/1939.SKBTI.0142.fastq.gz
1939.SKBTI.0143.a	/dartfs-hpc/rc/lab/H/HoenA/Lab/QNguyen/ResultsFiles/data/gevers_data/fastq/1939.SKBTI.0143.a.fastq.gz
1939.SKBTI.0143.b	/dartfs-hpc/rc/lab/H/HoenA/Lab/QNguyen/ResultsFiles/data/gevers_data/fastq/1939.SKBTI.0143.b.fastq.gz
1939.SKBTI.0144	/dartfs-hpc/rc/lab/H/HoenA/Lab/QNguyen/ResultsFiles/data/gevers_data/fastq/1939.SKBTI.0144.fastq.gz
1939.SKBTI.0145	/dartfs-hpc/rc/lab/H/HoenA/Lab/QNguyen/ResultsFiles/data/gevers_data/fastq/1939.SKBTI.0145.fastq.gz
1939.SKBTI.0146	/dartfs-hpc/rc/lab/H/HoenA/Lab/QNguyen/ResultsFiles/data/gevers_data/fastq/1939.SKBTI.0146.fastq.gz
1939.SKBTI.0147	/dartfs-hpc/rc/lab/H/HoenA/Lab/QNguyen/ResultsFiles/data/gevers_data/fastq/1939.SKBTI.0147.fastq.gz
1939.SKBTI.0148	/dartfs-hpc/rc/lab/H/HoenA/Lab/QNguyen/ResultsFiles/data/gevers_data/fastq/1939.SKBTI.0148.fastq.gz
1939.SKBTI.0149	/dartfs-hpc/rc/lab/H/HoenA/Lab/QNguyen/ResultsFiles/data/gevers_data/fastq/1939.SKBTI.0149.fastq.gz
1939.SKBTI.0150.a	/dartfs-hpc/rc/lab/H/HoenA/Lab/QNguyen/ResultsFiles/data/gevers_data/fastq/1939.SKBTI.0150.a.fastq.gz
1939.SKBTI.0150.b	/dartfs-hpc/rc/lab/H/HoenA/Lab/QNguyen/ResultsFiles/data/gevers_data/fastq/1939.SKBTI.0150.b.fastq.gz
1939.SKBTI.0151	/dartfs-hpc/rc/lab/H/HoenA/Lab/QNguyen/ResultsFiles/data/gevers_data/fastq/1939.SKBTI.0151.fastq.gz
1939.SKBTI.0152	/dartfs-hpc/rc/lab/H/HoenA/Lab/QNguyen/ResultsFiles/data/gevers_data/fastq/1939.SKBTI.0152.fastq.gz
1939.SKBTI.0153	/dartfs-hpc/rc/lab/H/HoenA/Lab/QNguyen/ResultsFiles/data/gevers_data/fastq/1939.SKBTI.0153.fastq.gz
1939.SKBTI.0154.a	/dartfs-hpc/rc/lab/H/HoenA/Lab/QNguyen/ResultsFiles/data/gevers_data/fastq/1939.SKBTI.0154.a.fastq.gz
1939.SKBTI.0154.b	/dartfs-hpc/rc/lab/H/HoenA/Lab/QNguyen/ResultsFiles/data/gevers_data/fastq/1939.SKBTI.0154.b.fastq.gz
1939.SKBTI.0155	/dartfs-hpc/rc/lab/H/HoenA/Lab/QNguyen/ResultsFiles/data/gevers_data/fastq/1939.SKBTI.0155.fastq.gz
1939.SKBTI.0156	/dartfs-hpc/rc/lab/H/HoenA/Lab/QNguyen/ResultsFiles/data/gevers_data/fastq/1939.SKBTI.0156.fastq.gz
1939.SKBTI.0157.a	/dartfs-hpc/rc/lab/H/HoenA/Lab/QNguyen/ResultsFiles/data/gevers_data/fastq/1939.SKBTI.0157.a.fastq.gz
1939.SKBTI.0157.b	/dartfs-hpc/rc/lab/H/HoenA/Lab/QNguyen/ResultsFiles/data/gevers_data/fastq/1939.SKBTI.0157.b.fastq.gz
1939.SKBTI.0158	/dartfs-hpc/rc/lab/H/HoenA/Lab/QNguyen/ResultsFiles/data/gevers_data/fastq/1939.SKBTI.0158.fastq.gz
1939.SKBTI.0159	/dartfs-hpc/rc/lab/H/HoenA/Lab/QNguyen/ResultsFiles/data/gevers_data/fastq/1939.SKBTI.0159.fastq.gz
1939.SKBTI.0160	/dartfs-hpc/rc/lab/H/HoenA/Lab/QNguyen/ResultsFiles/data/gevers_data/fastq/1939.SKBTI.0160.fastq.gz
1939.SKBTI.0161	/dartfs-hpc/rc/lab/H/HoenA/Lab/QNguyen/ResultsFiles/data/gevers_data/fastq/1939.SKBTI.0161.fastq.gz
1939.SKBTI.0162	/dartfs-hpc/rc/lab/H/HoenA/Lab/QNguyen/ResultsFiles/data/gevers_data/fastq/1939.SKBTI.0162.fastq.gz
1939.SKBTI.0163	/dartfs-hpc/rc/lab/H/HoenA/Lab/QNguyen/ResultsFiles/data/gevers_data/fastq/1939.SKBTI.0163.fastq.gz
1939.SKBTI.0164	/dartfs-hpc/rc/lab/H/HoenA/Lab/QNguyen/ResultsFiles/data/gevers_data/fastq/1939.SKBTI.0164.fastq.gz
1939.SKBTI.0165	/dartfs-hpc/rc/lab/H/HoenA/Lab/QNguyen/ResultsFiles/data/gevers_data/fastq/1939.SKBTI.0165.fastq.gz
1939.SKBTI.0167	/dartfs-hpc/rc/lab/H/HoenA/Lab/QNguyen/ResultsFiles/data/gevers_data/fastq/1939.SKBTI.0167.fastq.gz
1939.SKBTI.0168	/dartfs-hpc/rc/lab/H/HoenA/Lab/QNguyen/ResultsFiles/data/gevers_data/fastq/1939.SKBTI.0168.fastq.gz
1939.SKBTI.0169	/dartfs-hpc/rc/lab/H/HoenA/Lab/QNguyen/ResultsFiles/data/gevers_data/fastq/1939.SKBTI.0169.fastq.gz
1939.SKBTI.0170	/dartfs-hpc/rc/lab/H/HoenA/Lab/QNguyen/ResultsFiles/data/gevers_data/fastq/1939.SKBTI.0170.fastq.gz
1939.SKBTI.0171	/dartfs-hpc/rc/lab/H/HoenA/Lab/QNguyen/ResultsFiles/data/gevers_data/fastq/1939.SKBTI.0171.fastq.gz
1939.SKBTI.0172.a	/dartfs-hpc/rc/lab/H/HoenA/Lab/QNguyen/ResultsFiles/data/gevers_data/fastq/1939.SKBTI.0172.a.fastq.gz
1939.SKBTI.0172.b	/dartfs-hpc/rc/lab/H/HoenA/Lab/QNguyen/ResultsFiles/data/gevers_data/fastq/1939.SKBTI.0172.b.fastq.gz
1939.SKBTI.0173.a	/dartfs-hpc/rc/lab/H/HoenA/Lab/QNguyen/ResultsFiles/data/gevers_data/fastq/1939.SKBTI.0173.a.fastq.gz
1939.SKBTI.0173.b	/dartfs-hpc/rc/lab/H/HoenA/Lab/QNguyen/ResultsFiles/data/gevers_data/fastq/1939.SKBTI.0173.b.fastq.gz
1939.SKBTI.0174	/dartfs-hpc/rc/lab/H/HoenA/Lab/QNguyen/ResultsFiles/data/gevers_data/fastq/1939.SKBTI.0174.fastq.gz
1939.SKBTI.0175	/dartfs-hpc/rc/lab/H/HoenA/Lab/QNguyen/ResultsFiles/data/gevers_data/fastq/1939.SKBTI.0175.fastq.gz
1939.SKBTI.0176	/dartfs-hpc/rc/lab/H/HoenA/Lab/QNguyen/ResultsFiles/data/gevers_data/fastq/1939.SKBTI.0176.fastq.gz
1939.SKBTI.0177.a	/dartfs-hpc/rc/lab/H/HoenA/Lab/QNguyen/ResultsFiles/data/gevers_data/fastq/1939.SKBTI.0177.a.fastq.gz
1939.SKBTI.0177.b	/dartfs-hpc/rc/lab/H/HoenA/Lab/QNguyen/ResultsFiles/data/gevers_data/fastq/1939.SKBTI.0177.b.fastq.gz
1939.SKBTI.0178	/dartfs-hpc/rc/lab/H/HoenA/Lab/QNguyen/ResultsFiles/data/gevers_data/fastq/1939.SKBTI.0178.fastq.gz
1939.SKBTI.0179	/dartfs-hpc/rc/lab/H/HoenA/Lab/QNguyen/ResultsFiles/data/gevers_data/fastq/1939.SKBTI.0179.fastq.gz
1939.SKBTI.0180	/dartfs-hpc/rc/lab/H/HoenA/Lab/QNguyen/ResultsFiles/data/gevers_data/fastq/1939.SKBTI.0180.fastq.gz
1939.SKBTI.0181	/dartfs-hpc/rc/lab/H/HoenA/Lab/QNguyen/ResultsFiles/data/gevers_data/fastq/1939.SKBTI.0181.fastq.gz
1939.SKBTI.0182	/dartfs-hpc/rc/lab/H/HoenA/Lab/QNguyen/ResultsFiles/data/gevers_data/fastq/1939.SKBTI.0182.fastq.gz
1939.SKBTI.0183	/dartfs-hpc/rc/lab/H/HoenA/Lab/QNguyen/ResultsFiles/data/gevers_data/fastq/1939.SKBTI.0183.fastq.gz
1939.SKBTI.0184	/dartfs-hpc/rc/lab/H/HoenA/Lab/QNguyen/ResultsFiles/data/gevers_data/fastq/1939.SKBTI.0184.fastq.gz
1939.SKBTI.0186	/dartfs-hpc/rc/lab/H/HoenA/Lab/QNguyen/ResultsFiles/data/gevers_data/fastq/1939.SKBTI.0186.fastq.gz
1939.SKBTI.0187	/dartfs-hpc/rc/lab/H/HoenA/Lab/QNguyen/ResultsFiles/data/gevers_data/fastq/1939.SKBTI.0187.fastq.gz
1939.SKBTI.0188	/dartfs-hpc/rc/lab/H/HoenA/Lab/QNguyen/ResultsFiles/data/gevers_data/fastq/1939.SKBTI.0188.fastq.gz
1939.SKBTI.0189	/dartfs-hpc/rc/lab/H/HoenA/Lab/QNguyen/ResultsFiles/data/gevers_data/fastq/1939.SKBTI.0189.fastq.gz
1939.SKBTI.0190	/dartfs-hpc/rc/lab/H/HoenA/Lab/QNguyen/ResultsFiles/data/gevers_data/fastq/1939.SKBTI.0190.fastq.gz
1939.SKBTI.0191	/dartfs-hpc/rc/lab/H/HoenA/Lab/QNguyen/ResultsFiles/data/gevers_data/fastq/1939.SKBTI.0191.fastq.gz
1939.SKBTI.0192	/dartfs-hpc/rc/lab/H/HoenA/Lab/QNguyen/ResultsFiles/data/gevers_data/fastq/1939.SKBTI.0192.fastq.gz
1939.SKBTI.0193	/dartfs-hpc/rc/lab/H/HoenA/Lab/QNguyen/ResultsFiles/data/gevers_data/fastq/1939.SKBTI.0193.fastq.gz
1939.SKBTI.0194	/dartfs-hpc/rc/lab/H/HoenA/Lab/QNguyen/ResultsFiles/data/gevers_data/fastq/1939.SKBTI.0194.fastq.gz
1939.SKBTI.0195	/dartfs-hpc/rc/lab/H/HoenA/Lab/QNguyen/ResultsFiles/data/gevers_data/fastq/1939.SKBTI.0195.fastq.gz
1939.SKBTI.0196	/dartfs-hpc/rc/lab/H/HoenA/Lab/QNguyen/ResultsFiles/data/gevers_data/fastq/1939.SKBTI.0196.fastq.gz
1939.SKBTI.0197	/dartfs-hpc/rc/lab/H/HoenA/Lab/QNguyen/ResultsFiles/data/gevers_data/fastq/1939.SKBTI.0197.fastq.gz
1939.SKBTI.0198.a	/dartfs-hpc/rc/lab/H/HoenA/Lab/QNguyen/ResultsFiles/data/gevers_data/fastq/1939.SKBTI.0198.a.fastq.gz
1939.SKBTI.0198.b	/dartfs-hpc/rc/lab/H/HoenA/Lab/QNguyen/ResultsFiles/data/gevers_data/fastq/1939.SKBTI.0198.b.fastq.gz
1939.SKBTI.0199	/dartfs-hpc/rc/lab/H/HoenA/Lab/QNguyen/ResultsFiles/data/gevers_data/fastq/1939.SKBTI.0199.fastq.gz
1939.SKBTI.0200	/dartfs-hpc/rc/lab/H/HoenA/Lab/QNguyen/ResultsFiles/data/gevers_data/fastq/1939.SKBTI.0200.fastq.gz
1939.SKBTI.0201	/dartfs-hpc/rc/lab/H/HoenA/Lab/QNguyen/ResultsFiles/data/gevers_data/fastq/1939.SKBTI.0201.fastq.gz
1939.SKBTI.0202	/dartfs-hpc/rc/lab/H/HoenA/Lab/QNguyen/ResultsFiles/data/gevers_data/fastq/1939.SKBTI.0202.fastq.gz
1939.SKBTI.0203	/dartfs-hpc/rc/lab/H/HoenA/Lab/QNguyen/ResultsFiles/data/gevers_data/fastq/1939.SKBTI.0203.fastq.gz
1939.SKBTI.0204.a	/dartfs-hpc/rc/lab/H/HoenA/Lab/QNguyen/ResultsFiles/data/gevers_data/fastq/1939.SKBTI.0204.a.fastq.gz
1939.SKBTI.0204.b	/dartfs-hpc/rc/lab/H/HoenA/Lab/QNguyen/ResultsFiles/data/gevers_data/fastq/1939.SKBTI.0204.b.fastq.gz
1939.SKBTI.0205	/dartfs-hpc/rc/lab/H/HoenA/Lab/QNguyen/ResultsFiles/data/gevers_data/fastq/1939.SKBTI.0205.fastq.gz
1939.SKBTI.0206	/dartfs-hpc/rc/lab/H/HoenA/Lab/QNguyen/ResultsFiles/data/gevers_data/fastq/1939.SKBTI.0206.fastq.gz
1939.SKBTI.0207	/dartfs-hpc/rc/lab/H/HoenA/Lab/QNguyen/ResultsFiles/data/gevers_data/fastq/1939.SKBTI.0207.fastq.gz
1939.SKBTI.0208	/dartfs-hpc/rc/lab/H/HoenA/Lab/QNguyen/ResultsFiles/data/gevers_data/fastq/1939.SKBTI.0208.fastq.gz
1939.SKBTI.0209.a	/dartfs-hpc/rc/lab/H/HoenA/Lab/QNguyen/ResultsFiles/data/gevers_data/fastq/1939.SKBTI.0209.a.fastq.gz
1939.SKBTI.0209.b	/dartfs-hpc/rc/lab/H/HoenA/Lab/QNguyen/ResultsFiles/data/gevers_data/fastq/1939.SKBTI.0209.b.fastq.gz
1939.SKBTI.0210	/dartfs-hpc/rc/lab/H/HoenA/Lab/QNguyen/ResultsFiles/data/gevers_data/fastq/1939.SKBTI.0210.fastq.gz
1939.SKBTI.0211.a	/dartfs-hpc/rc/lab/H/HoenA/Lab/QNguyen/ResultsFiles/data/gevers_data/fastq/1939.SKBTI.0211.a.fastq.gz
1939.SKBTI.0211.b	/dartfs-hpc/rc/lab/H/HoenA/Lab/QNguyen/ResultsFiles/data/gevers_data/fastq/1939.SKBTI.0211.b.fastq.gz
1939.SKBTI.0212	/dartfs-hpc/rc/lab/H/HoenA/Lab/QNguyen/ResultsFiles/data/gevers_data/fastq/1939.SKBTI.0212.fastq.gz
1939.SKBTI.0213.a	/dartfs-hpc/rc/lab/H/HoenA/Lab/QNguyen/ResultsFiles/data/gevers_data/fastq/1939.SKBTI.0213.a.fastq.gz
1939.SKBTI.0213.b	/dartfs-hpc/rc/lab/H/HoenA/Lab/QNguyen/ResultsFiles/data/gevers_data/fastq/1939.SKBTI.0213.b.fastq.gz
1939.SKBTI.0214	/dartfs-hpc/rc/lab/H/HoenA/Lab/QNguyen/ResultsFiles/data/gevers_data/fastq/1939.SKBTI.0214.fastq.gz
1939.SKBTI.0215	/dartfs-hpc/rc/lab/H/HoenA/Lab/QNguyen/ResultsFiles/data/gevers_data/fastq/1939.SKBTI.0215.fastq.gz
1939.SKBTI.0216	/dartfs-hpc/rc/lab/H/HoenA/Lab/QNguyen/ResultsFiles/data/gevers_data/fastq/1939.SKBTI.0216.fastq.gz
1939.SKBTI.0217	/dartfs-hpc/rc/lab/H/HoenA/Lab/QNguyen/ResultsFiles/data/gevers_data/fastq/1939.SKBTI.0217.fastq.gz
1939.SKBTI.0218	/dartfs-hpc/rc/lab/H/HoenA/Lab/QNguyen/ResultsFiles/data/gevers_data/fastq/1939.SKBTI.0218.fastq.gz
1939.SKBTI.0219	/dartfs-hpc/rc/lab/H/HoenA/Lab/QNguyen/ResultsFiles/data/gevers_data/fastq/1939.SKBTI.0219.fastq.gz
1939.SKBTI.0220	/dartfs-hpc/rc/lab/H/HoenA/Lab/QNguyen/ResultsFiles/data/gevers_data/fastq/1939.SKBTI.0220.fastq.gz
1939.SKBTI.0221	/dartfs-hpc/rc/lab/H/HoenA/Lab/QNguyen/ResultsFiles/data/gevers_data/fastq/1939.SKBTI.0221.fastq.gz
1939.SKBTI.0222	/dartfs-hpc/rc/lab/H/HoenA/Lab/QNguyen/ResultsFiles/data/gevers_data/fastq/1939.SKBTI.0222.fastq.gz
1939.SKBTI.0223.a	/dartfs-hpc/rc/lab/H/HoenA/Lab/QNguyen/ResultsFiles/data/gevers_data/fastq/1939.SKBTI.0223.a.fastq.gz
1939.SKBTI.0223.b	/dartfs-hpc/rc/lab/H/HoenA/Lab/QNguyen/ResultsFiles/data/gevers_data/fastq/1939.SKBTI.0223.b.fastq.gz
1939.SKBTI.0224	/dartfs-hpc/rc/lab/H/HoenA/Lab/QNguyen/ResultsFiles/data/gevers_data/fastq/1939.SKBTI.0224.fastq.gz
1939.SKBTI.0226.a	/dartfs-hpc/rc/lab/H/HoenA/Lab/QNguyen/ResultsFiles/data/gevers_data/fastq/1939.SKBTI.0226.a.fastq.gz
1939.SKBTI.0226.b	/dartfs-hpc/rc/lab/H/HoenA/Lab/QNguyen/ResultsFiles/data/gevers_data/fastq/1939.SKBTI.0226.b.fastq.gz
1939.SKBTI.0227.a	/dartfs-hpc/rc/lab/H/HoenA/Lab/QNguyen/ResultsFiles/data/gevers_data/fastq/1939.SKBTI.0227.a.fastq.gz
1939.SKBTI.0227.b	/dartfs-hpc/rc/lab/H/HoenA/Lab/QNguyen/ResultsFiles/data/gevers_data/fastq/1939.SKBTI.0227.b.fastq.gz
1939.SKBTI.0228.a	/dartfs-hpc/rc/lab/H/HoenA/Lab/QNguyen/ResultsFiles/data/gevers_data/fastq/1939.SKBTI.0228.a.fastq.gz
1939.SKBTI.0228.b	/dartfs-hpc/rc/lab/H/HoenA/Lab/QNguyen/ResultsFiles/data/gevers_data/fastq/1939.SKBTI.0228.b.fastq.gz
1939.SKBTI.0229	/dartfs-hpc/rc/lab/H/HoenA/Lab/QNguyen/ResultsFiles/data/gevers_data/fastq/1939.SKBTI.0229.fastq.gz
1939.SKBTI.0230.a	/dartfs-hpc/rc/lab/H/HoenA/Lab/QNguyen/ResultsFiles/data/gevers_data/fastq/1939.SKBTI.0230.a.fastq.gz
1939.SKBTI.0230.b	/dartfs-hpc/rc/lab/H/HoenA/Lab/QNguyen/ResultsFiles/data/gevers_data/fastq/1939.SKBTI.0230.b.fastq.gz
1939.SKBTI.0231	/dartfs-hpc/rc/lab/H/HoenA/Lab/QNguyen/ResultsFiles/data/gevers_data/fastq/1939.SKBTI.0231.fastq.gz
1939.SKBTI.0232	/dartfs-hpc/rc/lab/H/HoenA/Lab/QNguyen/ResultsFiles/data/gevers_data/fastq/1939.SKBTI.0232.fastq.gz
1939.SKBTI.0233	/dartfs-hpc/rc/lab/H/HoenA/Lab/QNguyen/ResultsFiles/data/gevers_data/fastq/1939.SKBTI.0233.fastq.gz
1939.SKBTI.0234	/dartfs-hpc/rc/lab/H/HoenA/Lab/QNguyen/ResultsFiles/data/gevers_data/fastq/1939.SKBTI.0234.fastq.gz
1939.SKBTI.0235	/dartfs-hpc/rc/lab/H/HoenA/Lab/QNguyen/ResultsFiles/data/gevers_data/fastq/1939.SKBTI.0235.fastq.gz
1939.SKBTI.0236	/dartfs-hpc/rc/lab/H/HoenA/Lab/QNguyen/ResultsFiles/data/gevers_data/fastq/1939.SKBTI.0236.fastq.gz
1939.SKBTI.0237	/dartfs-hpc/rc/lab/H/HoenA/Lab/QNguyen/ResultsFiles/data/gevers_data/fastq/1939.SKBTI.0237.fastq.gz
1939.SKBTI.0238	/dartfs-hpc/rc/lab/H/HoenA/Lab/QNguyen/ResultsFiles/data/gevers_data/fastq/1939.SKBTI.0238.fastq.gz
1939.SKBTI.0239	/dartfs-hpc/rc/lab/H/HoenA/Lab/QNguyen/ResultsFiles/data/gevers_data/fastq/1939.SKBTI.0239.fastq.gz
1939.SKBTI.0240	/dartfs-hpc/rc/lab/H/HoenA/Lab/QNguyen/ResultsFiles/data/gevers_data/fastq/1939.SKBTI.0240.fastq.gz
1939.SKBTI.0241	/dartfs-hpc/rc/lab/H/HoenA/Lab/QNguyen/ResultsFiles/data/gevers_data/fastq/1939.SKBTI.0241.fastq.gz
1939.SKBTI.0242	/dartfs-hpc/rc/lab/H/HoenA/Lab/QNguyen/ResultsFiles/data/gevers_data/fastq/1939.SKBTI.0242.fastq.gz
1939.SKBTI.0243	/dartfs-hpc/rc/lab/H/HoenA/Lab/QNguyen/ResultsFiles/data/gevers_data/fastq/1939.SKBTI.0243.fastq.gz
1939.SKBTI.0244.a	/dartfs-hpc/rc/lab/H/HoenA/Lab/QNguyen/ResultsFiles/data/gevers_data/fastq/1939.SKBTI.0244.a.fastq.gz
1939.SKBTI.0244.b	/dartfs-hpc/rc/lab/H/HoenA/Lab/QNguyen/ResultsFiles/data/gevers_data/fastq/1939.SKBTI.0244.b.fastq.gz
1939.SKBTI.0245.a	/dartfs-hpc/rc/lab/H/HoenA/Lab/QNguyen/ResultsFiles/data/gevers_data/fastq/1939.SKBTI.0245.a.fastq.gz
1939.SKBTI.0245.b	/dartfs-hpc/rc/lab/H/HoenA/Lab/QNguyen/ResultsFiles/data/gevers_data/fastq/1939.SKBTI.0245.b.fastq.gz
1939.SKBTI.0246.a	/dartfs-hpc/rc/lab/H/HoenA/Lab/QNguyen/ResultsFiles/data/gevers_data/fastq/1939.SKBTI.0246.a.fastq.gz
1939.SKBTI.0246.b	/dartfs-hpc/rc/lab/H/HoenA/Lab/QNguyen/ResultsFiles/data/gevers_data/fastq/1939.SKBTI.0246.b.fastq.gz
1939.SKBTI.0247	/dartfs-hpc/rc/lab/H/HoenA/Lab/QNguyen/ResultsFiles/data/gevers_data/fastq/1939.SKBTI.0247.fastq.gz
1939.SKBTI.0248	/dartfs-hpc/rc/lab/H/HoenA/Lab/QNguyen/ResultsFiles/data/gevers_data/fastq/1939.SKBTI.0248.fastq.gz
1939.SKBTI.0249	/dartfs-hpc/rc/lab/H/HoenA/Lab/QNguyen/ResultsFiles/data/gevers_data/fastq/1939.SKBTI.0249.fastq.gz
1939.SKBTI.0250.a	/dartfs-hpc/rc/lab/H/HoenA/Lab/QNguyen/ResultsFiles/data/gevers_data/fastq/1939.SKBTI.0250.a.fastq.gz
1939.SKBTI.0250.b	/dartfs-hpc/rc/lab/H/HoenA/Lab/QNguyen/ResultsFiles/data/gevers_data/fastq/1939.SKBTI.0250.b.fastq.gz
1939.SKBTI.0251	/dartfs-hpc/rc/lab/H/HoenA/Lab/QNguyen/ResultsFiles/data/gevers_data/fastq/1939.SKBTI.0251.fastq.gz
1939.SKBTI.0252	/dartfs-hpc/rc/lab/H/HoenA/Lab/QNguyen/ResultsFiles/data/gevers_data/fastq/1939.SKBTI.0252.fastq.gz
1939.SKBTI.0253.a	/dartfs-hpc/rc/lab/H/HoenA/Lab/QNguyen/ResultsFiles/data/gevers_data/fastq/1939.SKBTI.0253.a.fastq.gz
1939.SKBTI.0253.b	/dartfs-hpc/rc/lab/H/HoenA/Lab/QNguyen/ResultsFiles/data/gevers_data/fastq/1939.SKBTI.0253.b.fastq.gz
1939.SKBTI.0254.a	/dartfs-hpc/rc/lab/H/HoenA/Lab/QNguyen/ResultsFiles/data/gevers_data/fastq/1939.SKBTI.0254.a.fastq.gz
1939.SKBTI.0254.b	/dartfs-hpc/rc/lab/H/HoenA/Lab/QNguyen/ResultsFiles/data/gevers_data/fastq/1939.SKBTI.0254.b.fastq.gz
1939.SKBTI.0255.a	/dartfs-hpc/rc/lab/H/HoenA/Lab/QNguyen/ResultsFiles/data/gevers_data/fastq/1939.SKBTI.0255.a.fastq.gz
1939.SKBTI.0255.b	/dartfs-hpc/rc/lab/H/HoenA/Lab/QNguyen/ResultsFiles/data/gevers_data/fastq/1939.SKBTI.0255.b.fastq.gz
1939.SKBTI.0256.a	/dartfs-hpc/rc/lab/H/HoenA/Lab/QNguyen/ResultsFiles/data/gevers_data/fastq/1939.SKBTI.0256.a.fastq.gz
1939.SKBTI.0256.b	/dartfs-hpc/rc/lab/H/HoenA/Lab/QNguyen/ResultsFiles/data/gevers_data/fastq/1939.SKBTI.0256.b.fastq.gz
1939.SKBTI.0257	/dartfs-hpc/rc/lab/H/HoenA/Lab/QNguyen/ResultsFiles/data/gevers_data/fastq/1939.SKBTI.0257.fastq.gz
1939.SKBTI.0258	/dartfs-hpc/rc/lab/H/HoenA/Lab/QNguyen/ResultsFiles/data/gevers_data/fastq/1939.SKBTI.0258.fastq.gz
1939.SKBTI.0259	/dartfs-hpc/rc/lab/H/HoenA/Lab/QNguyen/ResultsFiles/data/gevers_data/fastq/1939.SKBTI.0259.fastq.gz
1939.SKBTI.0260	/dartfs-hpc/rc/lab/H/HoenA/Lab/QNguyen/ResultsFiles/data/gevers_data/fastq/1939.SKBTI.0260.fastq.gz
1939.SKBTI.0261.a	/dartfs-hpc/rc/lab/H/HoenA/Lab/QNguyen/ResultsFiles/data/gevers_data/fastq/1939.SKBTI.0261.a.fastq.gz
1939.SKBTI.0261.b	/dartfs-hpc/rc/lab/H/HoenA/Lab/QNguyen/ResultsFiles/data/gevers_data/fastq/1939.SKBTI.0261.b.fastq.gz
1939.SKBTI.0262.a	/dartfs-hpc/rc/lab/H/HoenA/Lab/QNguyen/ResultsFiles/data/gevers_data/fastq/1939.SKBTI.0262.a.fastq.gz
1939.SKBTI.0262.b	/dartfs-hpc/rc/lab/H/HoenA/Lab/QNguyen/ResultsFiles/data/gevers_data/fastq/1939.SKBTI.0262.b.fastq.gz
1939.SKBTI.0263	/dartfs-hpc/rc/lab/H/HoenA/Lab/QNguyen/ResultsFiles/data/gevers_data/fastq/1939.SKBTI.0263.fastq.gz
1939.SKBTI.0264.a	/dartfs-hpc/rc/lab/H/HoenA/Lab/QNguyen/ResultsFiles/data/gevers_data/fastq/1939.SKBTI.0264.a.fastq.gz
1939.SKBTI.0264.b	/dartfs-hpc/rc/lab/H/HoenA/Lab/QNguyen/ResultsFiles/data/gevers_data/fastq/1939.SKBTI.0264.b.fastq.gz
1939.SKBTI.0265.a	/dartfs-hpc/rc/lab/H/HoenA/Lab/QNguyen/ResultsFiles/data/gevers_data/fastq/1939.SKBTI.0265.a.fastq.gz
1939.SKBTI.0265.b	/dartfs-hpc/rc/lab/H/HoenA/Lab/QNguyen/ResultsFiles/data/gevers_data/fastq/1939.SKBTI.0265.b.fastq.gz
1939.SKBTI.0266	/dartfs-hpc/rc/lab/H/HoenA/Lab/QNguyen/ResultsFiles/data/gevers_data/fastq/1939.SKBTI.0266.fastq.gz
1939.SKBTI.0267	/dartfs-hpc/rc/lab/H/HoenA/Lab/QNguyen/ResultsFiles/data/gevers_data/fastq/1939.SKBTI.0267.fastq.gz
1939.SKBTI.0268	/dartfs-hpc/rc/lab/H/HoenA/Lab/QNguyen/ResultsFiles/data/gevers_data/fastq/1939.SKBTI.0268.fastq.gz
1939.SKBTI.0269	/dartfs-hpc/rc/lab/H/HoenA/Lab/QNguyen/ResultsFiles/data/gevers_data/fastq/1939.SKBTI.0269.fastq.gz
1939.SKBTI.0270	/dartfs-hpc/rc/lab/H/HoenA/Lab/QNguyen/ResultsFiles/data/gevers_data/fastq/1939.SKBTI.0270.fastq.gz
1939.SKBTI.0271.a	/dartfs-hpc/rc/lab/H/HoenA/Lab/QNguyen/ResultsFiles/data/gevers_data/fastq/1939.SKBTI.0271.a.fastq.gz
1939.SKBTI.0271.b	/dartfs-hpc/rc/lab/H/HoenA/Lab/QNguyen/ResultsFiles/data/gevers_data/fastq/1939.SKBTI.0271.b.fastq.gz
1939.SKBTI.0272.a	/dartfs-hpc/rc/lab/H/HoenA/Lab/QNguyen/ResultsFiles/data/gevers_data/fastq/1939.SKBTI.0272.a.fastq.gz
1939.SKBTI.0272.b	/dartfs-hpc/rc/lab/H/HoenA/Lab/QNguyen/ResultsFiles/data/gevers_data/fastq/1939.SKBTI.0272.b.fastq.gz
1939.SKBTI.0273	/dartfs-hpc/rc/lab/H/HoenA/Lab/QNguyen/ResultsFiles/data/gevers_data/fastq/1939.SKBTI.0273.fastq.gz
1939.SKBTI.0274.a	/dartfs-hpc/rc/lab/H/HoenA/Lab/QNguyen/ResultsFiles/data/gevers_data/fastq/1939.SKBTI.0274.a.fastq.gz
1939.SKBTI.0274.b	/dartfs-hpc/rc/lab/H/HoenA/Lab/QNguyen/ResultsFiles/data/gevers_data/fastq/1939.SKBTI.0274.b.fastq.gz
1939.SKBTI.0275.a	/dartfs-hpc/rc/lab/H/HoenA/Lab/QNguyen/ResultsFiles/data/gevers_data/fastq/1939.SKBTI.0275.a.fastq.gz
1939.SKBTI.0275.b	/dartfs-hpc/rc/lab/H/HoenA/Lab/QNguyen/ResultsFiles/data/gevers_data/fastq/1939.SKBTI.0275.b.fastq.gz
1939.SKBTI.0276	/dartfs-hpc/rc/lab/H/HoenA/Lab/QNguyen/ResultsFiles/data/gevers_data/fastq/1939.SKBTI.0276.fastq.gz
1939.SKBTI.0277.a	/dartfs-hpc/rc/lab/H/HoenA/Lab/QNguyen/ResultsFiles/data/gevers_data/fastq/1939.SKBTI.0277.a.fastq.gz
1939.SKBTI.0277.b	/dartfs-hpc/rc/lab/H/HoenA/Lab/QNguyen/ResultsFiles/data/gevers_data/fastq/1939.SKBTI.0277.b.fastq.gz
1939.SKBTI.0278	/dartfs-hpc/rc/lab/H/HoenA/Lab/QNguyen/ResultsFiles/data/gevers_data/fastq/1939.SKBTI.0278.fastq.gz
1939.SKBTI.0279	/dartfs-hpc/rc/lab/H/HoenA/Lab/QNguyen/ResultsFiles/data/gevers_data/fastq/1939.SKBTI.0279.fastq.gz
1939.SKBTI.0280	/dartfs-hpc/rc/lab/H/HoenA/Lab/QNguyen/ResultsFiles/data/gevers_data/fastq/1939.SKBTI.0280.fastq.gz
1939.SKBTI.0281	/dartfs-hpc/rc/lab/H/HoenA/Lab/QNguyen/ResultsFiles/data/gevers_data/fastq/1939.SKBTI.0281.fastq.gz
1939.SKBTI.0282.a	/dartfs-hpc/rc/lab/H/HoenA/Lab/QNguyen/ResultsFiles/data/gevers_data/fastq/1939.SKBTI.0282.a.fastq.gz
1939.SKBTI.0282.b	/dartfs-hpc/rc/lab/H/HoenA/Lab/QNguyen/ResultsFiles/data/gevers_data/fastq/1939.SKBTI.0282.b.fastq.gz
1939.SKBTI.0283	/dartfs-hpc/rc/lab/H/HoenA/Lab/QNguyen/ResultsFiles/data/gevers_data/fastq/1939.SKBTI.0283.fastq.gz
1939.SKBTI.0284	/dartfs-hpc/rc/lab/H/HoenA/Lab/QNguyen/ResultsFiles/data/gevers_data/fastq/1939.SKBTI.0284.fastq.gz
1939.SKBTI.0285	/dartfs-hpc/rc/lab/H/HoenA/Lab/QNguyen/ResultsFiles/data/gevers_data/fastq/1939.SKBTI.0285.fastq.gz
1939.SKBTI.0286	/dartfs-hpc/rc/lab/H/HoenA/Lab/QNguyen/ResultsFiles/data/gevers_data/fastq/1939.SKBTI.0286.fastq.gz
1939.SKBTI.0287	/dartfs-hpc/rc/lab/H/HoenA/Lab/QNguyen/ResultsFiles/data/gevers_data/fastq/1939.SKBTI.0287.fastq.gz
1939.SKBTI.0298	/dartfs-hpc/rc/lab/H/HoenA/Lab/QNguyen/ResultsFiles/data/gevers_data/fastq/1939.SKBTI.0298.fastq.gz
1939.SKBTI.0301	/dartfs-hpc/rc/lab/H/HoenA/Lab/QNguyen/ResultsFiles/data/gevers_data/fastq/1939.SKBTI.0301.fastq.gz
1939.SKBTI.0304	/dartfs-hpc/rc/lab/H/HoenA/Lab/QNguyen/ResultsFiles/data/gevers_data/fastq/1939.SKBTI.0304.fastq.gz
1939.SKBTI.0311	/dartfs-hpc/rc/lab/H/HoenA/Lab/QNguyen/ResultsFiles/data/gevers_data/fastq/1939.SKBTI.0311.fastq.gz
1939.SKBTI.0313	/dartfs-hpc/rc/lab/H/HoenA/Lab/QNguyen/ResultsFiles/data/gevers_data/fastq/1939.SKBTI.0313.fastq.gz
1939.SKBTI.0333	/dartfs-hpc/rc/lab/H/HoenA/Lab/QNguyen/ResultsFiles/data/gevers_data/fastq/1939.SKBTI.0333.fastq.gz
1939.SKBTI.0362	/dartfs-hpc/rc/lab/H/HoenA/Lab/QNguyen/ResultsFiles/data/gevers_data/fastq/1939.SKBTI.0362.fastq.gz
1939.SKBTI.0363	/dartfs-hpc/rc/lab/H/HoenA/Lab/QNguyen/ResultsFiles/data/gevers_data/fastq/1939.SKBTI.0363.fastq.gz
1939.SKBTI.0391	/dartfs-hpc/rc/lab/H/HoenA/Lab/QNguyen/ResultsFiles/data/gevers_data/fastq/1939.SKBTI.0391.fastq.gz
1939.SKBTI.0392	/dartfs-hpc/rc/lab/H/HoenA/Lab/QNguyen/ResultsFiles/data/gevers_data/fastq/1939.SKBTI.0392.fastq.gz
1939.SKBTI.0395	/dartfs-hpc/rc/lab/H/HoenA/Lab/QNguyen/ResultsFiles/data/gevers_data/fastq/1939.SKBTI.0395.fastq.gz
1939.SKBTI.0411	/dartfs-hpc/rc/lab/H/HoenA/Lab/QNguyen/ResultsFiles/data/gevers_data/fastq/1939.SKBTI.0411.fastq.gz
1939.SKBTI.0422	/dartfs-hpc/rc/lab/H/HoenA/Lab/QNguyen/ResultsFiles/data/gevers_data/fastq/1939.SKBTI.0422.fastq.gz
1939.SKBTI.0481	/dartfs-hpc/rc/lab/H/HoenA/Lab/QNguyen/ResultsFiles/data/gevers_data/fastq/1939.SKBTI.0481.fastq.gz
1939.SKBTI.0482	/dartfs-hpc/rc/lab/H/HoenA/Lab/QNguyen/ResultsFiles/data/gevers_data/fastq/1939.SKBTI.0482.fastq.gz
1939.SKBTI.0483	/dartfs-hpc/rc/lab/H/HoenA/Lab/QNguyen/ResultsFiles/data/gevers_data/fastq/1939.SKBTI.0483.fastq.gz
1939.SKBTI.0484	/dartfs-hpc/rc/lab/H/HoenA/Lab/QNguyen/ResultsFiles/data/gevers_data/fastq/1939.SKBTI.0484.fastq.gz
1939.SKBTI.0485	/dartfs-hpc/rc/lab/H/HoenA/Lab/QNguyen/ResultsFiles/data/gevers_data/fastq/1939.SKBTI.0485.fastq.gz
1939.SKBTI.0486	/dartfs-hpc/rc/lab/H/HoenA/Lab/QNguyen/ResultsFiles/data/gevers_data/fastq/1939.SKBTI.0486.fastq.gz
1939.SKBTI.0487	/dartfs-hpc/rc/lab/H/HoenA/Lab/QNguyen/ResultsFiles/data/gevers_data/fastq/1939.SKBTI.0487.fastq.gz
1939.SKBTI.0488	/dartfs-hpc/rc/lab/H/HoenA/Lab/QNguyen/ResultsFiles/data/gevers_data/fastq/1939.SKBTI.0488.fastq.gz
1939.SKBTI.0489	/dartfs-hpc/rc/lab/H/HoenA/Lab/QNguyen/ResultsFiles/data/gevers_data/fastq/1939.SKBTI.0489.fastq.gz
1939.SKBTI.0490	/dartfs-hpc/rc/lab/H/HoenA/Lab/QNguyen/ResultsFiles/data/gevers_data/fastq/1939.SKBTI.0490.fastq.gz
1939.SKBTI.0491	/dartfs-hpc/rc/lab/H/HoenA/Lab/QNguyen/ResultsFiles/data/gevers_data/fastq/1939.SKBTI.0491.fastq.gz
1939.SKBTI.0492	/dartfs-hpc/rc/lab/H/HoenA/Lab/QNguyen/ResultsFiles/data/gevers_data/fastq/1939.SKBTI.0492.fastq.gz
1939.SKBTI.0493	/dartfs-hpc/rc/lab/H/HoenA/Lab/QNguyen/ResultsFiles/data/gevers_data/fastq/1939.SKBTI.0493.fastq.gz
1939.SKBTI.0494	/dartfs-hpc/rc/lab/H/HoenA/Lab/QNguyen/ResultsFiles/data/gevers_data/fastq/1939.SKBTI.0494.fastq.gz
1939.SKBTI.0495	/dartfs-hpc/rc/lab/H/HoenA/Lab/QNguyen/ResultsFiles/data/gevers_data/fastq/1939.SKBTI.0495.fastq.gz
1939.SKBTI.0496	/dartfs-hpc/rc/lab/H/HoenA/Lab/QNguyen/ResultsFiles/data/gevers_data/fastq/1939.SKBTI.0496.fastq.gz
1939.SKBTI.0497	/dartfs-hpc/rc/lab/H/HoenA/Lab/QNguyen/ResultsFiles/data/gevers_data/fastq/1939.SKBTI.0497.fastq.gz
1939.SKBTI.0498	/dartfs-hpc/rc/lab/H/HoenA/Lab/QNguyen/ResultsFiles/data/gevers_data/fastq/1939.SKBTI.0498.fastq.gz
1939.SKBTI.0499	/dartfs-hpc/rc/lab/H/HoenA/Lab/QNguyen/ResultsFiles/data/gevers_data/fastq/1939.SKBTI.0499.fastq.gz
1939.SKBTI.0500	/dartfs-hpc/rc/lab/H/HoenA/Lab/QNguyen/ResultsFiles/data/gevers_data/fastq/1939.SKBTI.0500.fastq.gz
1939.SKBTI.0503	/dartfs-hpc/rc/lab/H/HoenA/Lab/QNguyen/ResultsFiles/data/gevers_data/fastq/1939.SKBTI.0503.fastq.gz
1939.SKBTI.0504	/dartfs-hpc/rc/lab/H/HoenA/Lab/QNguyen/ResultsFiles/data/gevers_data/fastq/1939.SKBTI.0504.fastq.gz
1939.SKBTI.0505	/dartfs-hpc/rc/lab/H/HoenA/Lab/QNguyen/ResultsFiles/data/gevers_data/fastq/1939.SKBTI.0505.fastq.gz
1939.SKBTI.0506	/dartfs-hpc/rc/lab/H/HoenA/Lab/QNguyen/ResultsFiles/data/gevers_data/fastq/1939.SKBTI.0506.fastq.gz
1939.SKBTI.0507	/dartfs-hpc/rc/lab/H/HoenA/Lab/QNguyen/ResultsFiles/data/gevers_data/fastq/1939.SKBTI.0507.fastq.gz
1939.SKBTI.0508	/dartfs-hpc/rc/lab/H/HoenA/Lab/QNguyen/ResultsFiles/data/gevers_data/fastq/1939.SKBTI.0508.fastq.gz
1939.SKBTI.0510	/dartfs-hpc/rc/lab/H/HoenA/Lab/QNguyen/ResultsFiles/data/gevers_data/fastq/1939.SKBTI.0510.fastq.gz
1939.SKBTI.0511	/dartfs-hpc/rc/lab/H/HoenA/Lab/QNguyen/ResultsFiles/data/gevers_data/fastq/1939.SKBTI.0511.fastq.gz
1939.SKBTI.0512	/dartfs-hpc/rc/lab/H/HoenA/Lab/QNguyen/ResultsFiles/data/gevers_data/fastq/1939.SKBTI.0512.fastq.gz
1939.SKBTI.0513	/dartfs-hpc/rc/lab/H/HoenA/Lab/QNguyen/ResultsFiles/data/gevers_data/fastq/1939.SKBTI.0513.fastq.gz
1939.SKBTI.0514	/dartfs-hpc/rc/lab/H/HoenA/Lab/QNguyen/ResultsFiles/data/gevers_data/fastq/1939.SKBTI.0514.fastq.gz
1939.SKBTI.0515	/dartfs-hpc/rc/lab/H/HoenA/Lab/QNguyen/ResultsFiles/data/gevers_data/fastq/1939.SKBTI.0515.fastq.gz
1939.SKBTI.0516	/dartfs-hpc/rc/lab/H/HoenA/Lab/QNguyen/ResultsFiles/data/gevers_data/fastq/1939.SKBTI.0516.fastq.gz
1939.SKBTI.0517	/dartfs-hpc/rc/lab/H/HoenA/Lab/QNguyen/ResultsFiles/data/gevers_data/fastq/1939.SKBTI.0517.fastq.gz
1939.SKBTI.0518	/dartfs-hpc/rc/lab/H/HoenA/Lab/QNguyen/ResultsFiles/data/gevers_data/fastq/1939.SKBTI.0518.fastq.gz
1939.SKBTI.0519	/dartfs-hpc/rc/lab/H/HoenA/Lab/QNguyen/ResultsFiles/data/gevers_data/fastq/1939.SKBTI.0519.fastq.gz
1939.SKBTI.0520	/dartfs-hpc/rc/lab/H/HoenA/Lab/QNguyen/ResultsFiles/data/gevers_data/fastq/1939.SKBTI.0520.fastq.gz
1939.SKBTI.0521	/dartfs-hpc/rc/lab/H/HoenA/Lab/QNguyen/ResultsFiles/data/gevers_data/fastq/1939.SKBTI.0521.fastq.gz
1939.SKBTI.0522	/dartfs-hpc/rc/lab/H/HoenA/Lab/QNguyen/ResultsFiles/data/gevers_data/fastq/1939.SKBTI.0522.fastq.gz
1939.SKBTI.0523	/dartfs-hpc/rc/lab/H/HoenA/Lab/QNguyen/ResultsFiles/data/gevers_data/fastq/1939.SKBTI.0523.fastq.gz
1939.SKBTI.0524	/dartfs-hpc/rc/lab/H/HoenA/Lab/QNguyen/ResultsFiles/data/gevers_data/fastq/1939.SKBTI.0524.fastq.gz
1939.SKBTI.0525	/dartfs-hpc/rc/lab/H/HoenA/Lab/QNguyen/ResultsFiles/data/gevers_data/fastq/1939.SKBTI.0525.fastq.gz
1939.SKBTI.0526	/dartfs-hpc/rc/lab/H/HoenA/Lab/QNguyen/ResultsFiles/data/gevers_data/fastq/1939.SKBTI.0526.fastq.gz
1939.SKBTI.0527	/dartfs-hpc/rc/lab/H/HoenA/Lab/QNguyen/ResultsFiles/data/gevers_data/fastq/1939.SKBTI.0527.fastq.gz
1939.SKBTI.0528	/dartfs-hpc/rc/lab/H/HoenA/Lab/QNguyen/ResultsFiles/data/gevers_data/fastq/1939.SKBTI.0528.fastq.gz
1939.SKBTI.0529	/dartfs-hpc/rc/lab/H/HoenA/Lab/QNguyen/ResultsFiles/data/gevers_data/fastq/1939.SKBTI.0529.fastq.gz
1939.SKBTI.0530	/dartfs-hpc/rc/lab/H/HoenA/Lab/QNguyen/ResultsFiles/data/gevers_data/fastq/1939.SKBTI.0530.fastq.gz
1939.SKBTI.0531	/dartfs-hpc/rc/lab/H/HoenA/Lab/QNguyen/ResultsFiles/data/gevers_data/fastq/1939.SKBTI.0531.fastq.gz
1939.SKBTI.0532	/dartfs-hpc/rc/lab/H/HoenA/Lab/QNguyen/ResultsFiles/data/gevers_data/fastq/1939.SKBTI.0532.fastq.gz
1939.SKBTI.0533	/dartfs-hpc/rc/lab/H/HoenA/Lab/QNguyen/ResultsFiles/data/gevers_data/fastq/1939.SKBTI.0533.fastq.gz
1939.SKBTI.0534	/dartfs-hpc/rc/lab/H/HoenA/Lab/QNguyen/ResultsFiles/data/gevers_data/fastq/1939.SKBTI.0534.fastq.gz
1939.SKBTI.0536	/dartfs-hpc/rc/lab/H/HoenA/Lab/QNguyen/ResultsFiles/data/gevers_data/fastq/1939.SKBTI.0536.fastq.gz
1939.SKBTI.0537	/dartfs-hpc/rc/lab/H/HoenA/Lab/QNguyen/ResultsFiles/data/gevers_data/fastq/1939.SKBTI.0537.fastq.gz
1939.SKBTI.0538	/dartfs-hpc/rc/lab/H/HoenA/Lab/QNguyen/ResultsFiles/data/gevers_data/fastq/1939.SKBTI.0538.fastq.gz
1939.SKBTI.0539	/dartfs-hpc/rc/lab/H/HoenA/Lab/QNguyen/ResultsFiles/data/gevers_data/fastq/1939.SKBTI.0539.fastq.gz
1939.SKBTI.0540	/dartfs-hpc/rc/lab/H/HoenA/Lab/QNguyen/ResultsFiles/data/gevers_data/fastq/1939.SKBTI.0540.fastq.gz
1939.SKBTI.0541	/dartfs-hpc/rc/lab/H/HoenA/Lab/QNguyen/ResultsFiles/data/gevers_data/fastq/1939.SKBTI.0541.fastq.gz
1939.SKBTI.0542	/dartfs-hpc/rc/lab/H/HoenA/Lab/QNguyen/ResultsFiles/data/gevers_data/fastq/1939.SKBTI.0542.fastq.gz
1939.SKBTI.0543	/dartfs-hpc/rc/lab/H/HoenA/Lab/QNguyen/ResultsFiles/data/gevers_data/fastq/1939.SKBTI.0543.fastq.gz
1939.SKBTI.0544	/dartfs-hpc/rc/lab/H/HoenA/Lab/QNguyen/ResultsFiles/data/gevers_data/fastq/1939.SKBTI.0544.fastq.gz
1939.SKBTI.0545	/dartfs-hpc/rc/lab/H/HoenA/Lab/QNguyen/ResultsFiles/data/gevers_data/fastq/1939.SKBTI.0545.fastq.gz
1939.SKBTI.0546	/dartfs-hpc/rc/lab/H/HoenA/Lab/QNguyen/ResultsFiles/data/gevers_data/fastq/1939.SKBTI.0546.fastq.gz
1939.SKBTI.0547	/dartfs-hpc/rc/lab/H/HoenA/Lab/QNguyen/ResultsFiles/data/gevers_data/fastq/1939.SKBTI.0547.fastq.gz
1939.SKBTI.0548	/dartfs-hpc/rc/lab/H/HoenA/Lab/QNguyen/ResultsFiles/data/gevers_data/fastq/1939.SKBTI.0548.fastq.gz
1939.SKBTI.0549	/dartfs-hpc/rc/lab/H/HoenA/Lab/QNguyen/ResultsFiles/data/gevers_data/fastq/1939.SKBTI.0549.fastq.gz
1939.SKBTI.0550	/dartfs-hpc/rc/lab/H/HoenA/Lab/QNguyen/ResultsFiles/data/gevers_data/fastq/1939.SKBTI.0550.fastq.gz
1939.SKBTI.0551	/dartfs-hpc/rc/lab/H/HoenA/Lab/QNguyen/ResultsFiles/data/gevers_data/fastq/1939.SKBTI.0551.fastq.gz
1939.SKBTI.0552	/dartfs-hpc/rc/lab/H/HoenA/Lab/QNguyen/ResultsFiles/data/gevers_data/fastq/1939.SKBTI.0552.fastq.gz
1939.SKBTI.0554	/dartfs-hpc/rc/lab/H/HoenA/Lab/QNguyen/ResultsFiles/data/gevers_data/fastq/1939.SKBTI.0554.fastq.gz
1939.SKBTI.0555	/dartfs-hpc/rc/lab/H/HoenA/Lab/QNguyen/ResultsFiles/data/gevers_data/fastq/1939.SKBTI.0555.fastq.gz
1939.SKBTI.0556	/dartfs-hpc/rc/lab/H/HoenA/Lab/QNguyen/ResultsFiles/data/gevers_data/fastq/1939.SKBTI.0556.fastq.gz
1939.SKBTI.0557	/dartfs-hpc/rc/lab/H/HoenA/Lab/QNguyen/ResultsFiles/data/gevers_data/fastq/1939.SKBTI.0557.fastq.gz
1939.SKBTI.0558	/dartfs-hpc/rc/lab/H/HoenA/Lab/QNguyen/ResultsFiles/data/gevers_data/fastq/1939.SKBTI.0558.fastq.gz
1939.SKBTI.0559	/dartfs-hpc/rc/lab/H/HoenA/Lab/QNguyen/ResultsFiles/data/gevers_data/fastq/1939.SKBTI.0559.fastq.gz
1939.SKBTI.0560	/dartfs-hpc/rc/lab/H/HoenA/Lab/QNguyen/ResultsFiles/data/gevers_data/fastq/1939.SKBTI.0560.fastq.gz
1939.SKBTI.0561	/dartfs-hpc/rc/lab/H/HoenA/Lab/QNguyen/ResultsFiles/data/gevers_data/fastq/1939.SKBTI.0561.fastq.gz
1939.SKBTI.0562	/dartfs-hpc/rc/lab/H/HoenA/Lab/QNguyen/ResultsFiles/data/gevers_data/fastq/1939.SKBTI.0562.fastq.gz
1939.SKBTI.0563	/dartfs-hpc/rc/lab/H/HoenA/Lab/QNguyen/ResultsFiles/data/gevers_data/fastq/1939.SKBTI.0563.fastq.gz
1939.SKBTI.0564	/dartfs-hpc/rc/lab/H/HoenA/Lab/QNguyen/ResultsFiles/data/gevers_data/fastq/1939.SKBTI.0564.fastq.gz
1939.SKBTI.0565	/dartfs-hpc/rc/lab/H/HoenA/Lab/QNguyen/ResultsFiles/data/gevers_data/fastq/1939.SKBTI.0565.fastq.gz
1939.SKBTI.0566	/dartfs-hpc/rc/lab/H/HoenA/Lab/QNguyen/ResultsFiles/data/gevers_data/fastq/1939.SKBTI.0566.fastq.gz
1939.SKBTI.0567	/dartfs-hpc/rc/lab/H/HoenA/Lab/QNguyen/ResultsFiles/data/gevers_data/fastq/1939.SKBTI.0567.fastq.gz
1939.SKBTI.0568	/dartfs-hpc/rc/lab/H/HoenA/Lab/QNguyen/ResultsFiles/data/gevers_data/fastq/1939.SKBTI.0568.fastq.gz
1939.SKBTI.0569	/dartfs-hpc/rc/lab/H/HoenA/Lab/QNguyen/ResultsFiles/data/gevers_data/fastq/1939.SKBTI.0569.fastq.gz
1939.SKBTI.0570	/dartfs-hpc/rc/lab/H/HoenA/Lab/QNguyen/ResultsFiles/data/gevers_data/fastq/1939.SKBTI.0570.fastq.gz
1939.SKBTI.0571	/dartfs-hpc/rc/lab/H/HoenA/Lab/QNguyen/ResultsFiles/data/gevers_data/fastq/1939.SKBTI.0571.fastq.gz
1939.SKBTI.0572	/dartfs-hpc/rc/lab/H/HoenA/Lab/QNguyen/ResultsFiles/data/gevers_data/fastq/1939.SKBTI.0572.fastq.gz
1939.SKBTI.0573	/dartfs-hpc/rc/lab/H/HoenA/Lab/QNguyen/ResultsFiles/data/gevers_data/fastq/1939.SKBTI.0573.fastq.gz
1939.SKBTI.0574	/dartfs-hpc/rc/lab/H/HoenA/Lab/QNguyen/ResultsFiles/data/gevers_data/fastq/1939.SKBTI.0574.fastq.gz
1939.SKBTI.0575	/dartfs-hpc/rc/lab/H/HoenA/Lab/QNguyen/ResultsFiles/data/gevers_data/fastq/1939.SKBTI.0575.fastq.gz
1939.SKBTI.0576	/dartfs-hpc/rc/lab/H/HoenA/Lab/QNguyen/ResultsFiles/data/gevers_data/fastq/1939.SKBTI.0576.fastq.gz
1939.SKBTI.0577	/dartfs-hpc/rc/lab/H/HoenA/Lab/QNguyen/ResultsFiles/data/gevers_data/fastq/1939.SKBTI.0577.fastq.gz
1939.SKBTI.0578	/dartfs-hpc/rc/lab/H/HoenA/Lab/QNguyen/ResultsFiles/data/gevers_data/fastq/1939.SKBTI.0578.fastq.gz
1939.SKBTI.0579	/dartfs-hpc/rc/lab/H/HoenA/Lab/QNguyen/ResultsFiles/data/gevers_data/fastq/1939.SKBTI.0579.fastq.gz
1939.SKBTI.0580	/dartfs-hpc/rc/lab/H/HoenA/Lab/QNguyen/ResultsFiles/data/gevers_data/fastq/1939.SKBTI.0580.fastq.gz
1939.SKBTI.0581	/dartfs-hpc/rc/lab/H/HoenA/Lab/QNguyen/ResultsFiles/data/gevers_data/fastq/1939.SKBTI.0581.fastq.gz
1939.SKBTI.0583	/dartfs-hpc/rc/lab/H/HoenA/Lab/QNguyen/ResultsFiles/data/gevers_data/fastq/1939.SKBTI.0583.fastq.gz
1939.SKBTI.0584	/dartfs-hpc/rc/lab/H/HoenA/Lab/QNguyen/ResultsFiles/data/gevers_data/fastq/1939.SKBTI.0584.fastq.gz
1939.SKBTI.0585	/dartfs-hpc/rc/lab/H/HoenA/Lab/QNguyen/ResultsFiles/data/gevers_data/fastq/1939.SKBTI.0585.fastq.gz
1939.SKBTI.0587	/dartfs-hpc/rc/lab/H/HoenA/Lab/QNguyen/ResultsFiles/data/gevers_data/fastq/1939.SKBTI.0587.fastq.gz
1939.SKBTI.0588	/dartfs-hpc/rc/lab/H/HoenA/Lab/QNguyen/ResultsFiles/data/gevers_data/fastq/1939.SKBTI.0588.fastq.gz
1939.SKBTI.0589	/dartfs-hpc/rc/lab/H/HoenA/Lab/QNguyen/ResultsFiles/data/gevers_data/fastq/1939.SKBTI.0589.fastq.gz
1939.SKBTI.0590	/dartfs-hpc/rc/lab/H/HoenA/Lab/QNguyen/ResultsFiles/data/gevers_data/fastq/1939.SKBTI.0590.fastq.gz
1939.SKBTI.0591	/dartfs-hpc/rc/lab/H/HoenA/Lab/QNguyen/ResultsFiles/data/gevers_data/fastq/1939.SKBTI.0591.fastq.gz
1939.SKBTI.0592	/dartfs-hpc/rc/lab/H/HoenA/Lab/QNguyen/ResultsFiles/data/gevers_data/fastq/1939.SKBTI.0592.fastq.gz
1939.SKBTI.0593	/dartfs-hpc/rc/lab/H/HoenA/Lab/QNguyen/ResultsFiles/data/gevers_data/fastq/1939.SKBTI.0593.fastq.gz
1939.SKBTI.0594	/dartfs-hpc/rc/lab/H/HoenA/Lab/QNguyen/ResultsFiles/data/gevers_data/fastq/1939.SKBTI.0594.fastq.gz
1939.SKBTI.0595	/dartfs-hpc/rc/lab/H/HoenA/Lab/QNguyen/ResultsFiles/data/gevers_data/fastq/1939.SKBTI.0595.fastq.gz
1939.SKBTI.0596	/dartfs-hpc/rc/lab/H/HoenA/Lab/QNguyen/ResultsFiles/data/gevers_data/fastq/1939.SKBTI.0596.fastq.gz
1939.SKBTI.0597	/dartfs-hpc/rc/lab/H/HoenA/Lab/QNguyen/ResultsFiles/data/gevers_data/fastq/1939.SKBTI.0597.fastq.gz
1939.SKBTI.0598	/dartfs-hpc/rc/lab/H/HoenA/Lab/QNguyen/ResultsFiles/data/gevers_data/fastq/1939.SKBTI.0598.fastq.gz
1939.SKBTI.0599	/dartfs-hpc/rc/lab/H/HoenA/Lab/QNguyen/ResultsFiles/data/gevers_data/fastq/1939.SKBTI.0599.fastq.gz
1939.SKBTI.0600	/dartfs-hpc/rc/lab/H/HoenA/Lab/QNguyen/ResultsFiles/data/gevers_data/fastq/1939.SKBTI.0600.fastq.gz
1939.SKBTI.0601	/dartfs-hpc/rc/lab/H/HoenA/Lab/QNguyen/ResultsFiles/data/gevers_data/fastq/1939.SKBTI.0601.fastq.gz
1939.SKBTI.0603	/dartfs-hpc/rc/lab/H/HoenA/Lab/QNguyen/ResultsFiles/data/gevers_data/fastq/1939.SKBTI.0603.fastq.gz
1939.SKBTI.0604	/dartfs-hpc/rc/lab/H/HoenA/Lab/QNguyen/ResultsFiles/data/gevers_data/fastq/1939.SKBTI.0604.fastq.gz
1939.SKBTI.0605	/dartfs-hpc/rc/lab/H/HoenA/Lab/QNguyen/ResultsFiles/data/gevers_data/fastq/1939.SKBTI.0605.fastq.gz
1939.SKBTI.0606	/dartfs-hpc/rc/lab/H/HoenA/Lab/QNguyen/ResultsFiles/data/gevers_data/fastq/1939.SKBTI.0606.fastq.gz
1939.SKBTI.0607	/dartfs-hpc/rc/lab/H/HoenA/Lab/QNguyen/ResultsFiles/data/gevers_data/fastq/1939.SKBTI.0607.fastq.gz
1939.SKBTI.0608	/dartfs-hpc/rc/lab/H/HoenA/Lab/QNguyen/ResultsFiles/data/gevers_data/fastq/1939.SKBTI.0608.fastq.gz
1939.SKBTI.0609	/dartfs-hpc/rc/lab/H/HoenA/Lab/QNguyen/ResultsFiles/data/gevers_data/fastq/1939.SKBTI.0609.fastq.gz
1939.SKBTI.0610	/dartfs-hpc/rc/lab/H/HoenA/Lab/QNguyen/ResultsFiles/data/gevers_data/fastq/1939.SKBTI.0610.fastq.gz
1939.SKBTI.0611	/dartfs-hpc/rc/lab/H/HoenA/Lab/QNguyen/ResultsFiles/data/gevers_data/fastq/1939.SKBTI.0611.fastq.gz
1939.SKBTI.0613	/dartfs-hpc/rc/lab/H/HoenA/Lab/QNguyen/ResultsFiles/data/gevers_data/fastq/1939.SKBTI.0613.fastq.gz
1939.SKBTI.0614	/dartfs-hpc/rc/lab/H/HoenA/Lab/QNguyen/ResultsFiles/data/gevers_data/fastq/1939.SKBTI.0614.fastq.gz
1939.SKBTI.0615	/dartfs-hpc/rc/lab/H/HoenA/Lab/QNguyen/ResultsFiles/data/gevers_data/fastq/1939.SKBTI.0615.fastq.gz
1939.SKBTI.0617	/dartfs-hpc/rc/lab/H/HoenA/Lab/QNguyen/ResultsFiles/data/gevers_data/fastq/1939.SKBTI.0617.fastq.gz
1939.SKBTI.0618	/dartfs-hpc/rc/lab/H/HoenA/Lab/QNguyen/ResultsFiles/data/gevers_data/fastq/1939.SKBTI.0618.fastq.gz
1939.SKBTI.0619	/dartfs-hpc/rc/lab/H/HoenA/Lab/QNguyen/ResultsFiles/data/gevers_data/fastq/1939.SKBTI.0619.fastq.gz
1939.SKBTI.0620	/dartfs-hpc/rc/lab/H/HoenA/Lab/QNguyen/ResultsFiles/data/gevers_data/fastq/1939.SKBTI.0620.fastq.gz
1939.SKBTI.0621	/dartfs-hpc/rc/lab/H/HoenA/Lab/QNguyen/ResultsFiles/data/gevers_data/fastq/1939.SKBTI.0621.fastq.gz
1939.SKBTI.0622	/dartfs-hpc/rc/lab/H/HoenA/Lab/QNguyen/ResultsFiles/data/gevers_data/fastq/1939.SKBTI.0622.fastq.gz
1939.SKBTI.0623	/dartfs-hpc/rc/lab/H/HoenA/Lab/QNguyen/ResultsFiles/data/gevers_data/fastq/1939.SKBTI.0623.fastq.gz
1939.SKBTI.0624	/dartfs-hpc/rc/lab/H/HoenA/Lab/QNguyen/ResultsFiles/data/gevers_data/fastq/1939.SKBTI.0624.fastq.gz
1939.SKBTI.0626	/dartfs-hpc/rc/lab/H/HoenA/Lab/QNguyen/ResultsFiles/data/gevers_data/fastq/1939.SKBTI.0626.fastq.gz
1939.SKBTI.0627	/dartfs-hpc/rc/lab/H/HoenA/Lab/QNguyen/ResultsFiles/data/gevers_data/fastq/1939.SKBTI.0627.fastq.gz
1939.SKBTI.0629	/dartfs-hpc/rc/lab/H/HoenA/Lab/QNguyen/ResultsFiles/data/gevers_data/fastq/1939.SKBTI.0629.fastq.gz
1939.SKBTI.0630	/dartfs-hpc/rc/lab/H/HoenA/Lab/QNguyen/ResultsFiles/data/gevers_data/fastq/1939.SKBTI.0630.fastq.gz
1939.SKBTI.0631	/dartfs-hpc/rc/lab/H/HoenA/Lab/QNguyen/ResultsFiles/data/gevers_data/fastq/1939.SKBTI.0631.fastq.gz
1939.SKBTI.0632	/dartfs-hpc/rc/lab/H/HoenA/Lab/QNguyen/ResultsFiles/data/gevers_data/fastq/1939.SKBTI.0632.fastq.gz
1939.SKBTI.0633	/dartfs-hpc/rc/lab/H/HoenA/Lab/QNguyen/ResultsFiles/data/gevers_data/fastq/1939.SKBTI.0633.fastq.gz
1939.SKBTI.0634	/dartfs-hpc/rc/lab/H/HoenA/Lab/QNguyen/ResultsFiles/data/gevers_data/fastq/1939.SKBTI.0634.fastq.gz
1939.SKBTI.0635	/dartfs-hpc/rc/lab/H/HoenA/Lab/QNguyen/ResultsFiles/data/gevers_data/fastq/1939.SKBTI.0635.fastq.gz
1939.SKBTI.0636	/dartfs-hpc/rc/lab/H/HoenA/Lab/QNguyen/ResultsFiles/data/gevers_data/fastq/1939.SKBTI.0636.fastq.gz
1939.SKBTI.0637	/dartfs-hpc/rc/lab/H/HoenA/Lab/QNguyen/ResultsFiles/data/gevers_data/fastq/1939.SKBTI.0637.fastq.gz
1939.SKBTI.0638	/dartfs-hpc/rc/lab/H/HoenA/Lab/QNguyen/ResultsFiles/data/gevers_data/fastq/1939.SKBTI.0638.fastq.gz
1939.SKBTI.0640	/dartfs-hpc/rc/lab/H/HoenA/Lab/QNguyen/ResultsFiles/data/gevers_data/fastq/1939.SKBTI.0640.fastq.gz
1939.SKBTI.0641.a	/dartfs-hpc/rc/lab/H/HoenA/Lab/QNguyen/ResultsFiles/data/gevers_data/fastq/1939.SKBTI.0641.a.fastq.gz
1939.SKBTI.0641.b	/dartfs-hpc/rc/lab/H/HoenA/Lab/QNguyen/ResultsFiles/data/gevers_data/fastq/1939.SKBTI.0641.b.fastq.gz
1939.SKBTI.0642	/dartfs-hpc/rc/lab/H/HoenA/Lab/QNguyen/ResultsFiles/data/gevers_data/fastq/1939.SKBTI.0642.fastq.gz
1939.SKBTI.0643	/dartfs-hpc/rc/lab/H/HoenA/Lab/QNguyen/ResultsFiles/data/gevers_data/fastq/1939.SKBTI.0643.fastq.gz
1939.SKBTI.0645	/dartfs-hpc/rc/lab/H/HoenA/Lab/QNguyen/ResultsFiles/data/gevers_data/fastq/1939.SKBTI.0645.fastq.gz
1939.SKBTI.0646	/dartfs-hpc/rc/lab/H/HoenA/Lab/QNguyen/ResultsFiles/data/gevers_data/fastq/1939.SKBTI.0646.fastq.gz
1939.SKBTI.0647	/dartfs-hpc/rc/lab/H/HoenA/Lab/QNguyen/ResultsFiles/data/gevers_data/fastq/1939.SKBTI.0647.fastq.gz
1939.SKBTI.0648	/dartfs-hpc/rc/lab/H/HoenA/Lab/QNguyen/ResultsFiles/data/gevers_data/fastq/1939.SKBTI.0648.fastq.gz
1939.SKBTI.0650	/dartfs-hpc/rc/lab/H/HoenA/Lab/QNguyen/ResultsFiles/data/gevers_data/fastq/1939.SKBTI.0650.fastq.gz
1939.SKBTI.0651	/dartfs-hpc/rc/lab/H/HoenA/Lab/QNguyen/ResultsFiles/data/gevers_data/fastq/1939.SKBTI.0651.fastq.gz
1939.SKBTI.0652	/dartfs-hpc/rc/lab/H/HoenA/Lab/QNguyen/ResultsFiles/data/gevers_data/fastq/1939.SKBTI.0652.fastq.gz
1939.SKBTI.0653	/dartfs-hpc/rc/lab/H/HoenA/Lab/QNguyen/ResultsFiles/data/gevers_data/fastq/1939.SKBTI.0653.fastq.gz
1939.SKBTI.0654	/dartfs-hpc/rc/lab/H/HoenA/Lab/QNguyen/ResultsFiles/data/gevers_data/fastq/1939.SKBTI.0654.fastq.gz
1939.SKBTI.0655	/dartfs-hpc/rc/lab/H/HoenA/Lab/QNguyen/ResultsFiles/data/gevers_data/fastq/1939.SKBTI.0655.fastq.gz
1939.SKBTI.0656	/dartfs-hpc/rc/lab/H/HoenA/Lab/QNguyen/ResultsFiles/data/gevers_data/fastq/1939.SKBTI.0656.fastq.gz
1939.SKBTI.0658	/dartfs-hpc/rc/lab/H/HoenA/Lab/QNguyen/ResultsFiles/data/gevers_data/fastq/1939.SKBTI.0658.fastq.gz
1939.SKBTI.0659	/dartfs-hpc/rc/lab/H/HoenA/Lab/QNguyen/ResultsFiles/data/gevers_data/fastq/1939.SKBTI.0659.fastq.gz
1939.SKBTI.0660	/dartfs-hpc/rc/lab/H/HoenA/Lab/QNguyen/ResultsFiles/data/gevers_data/fastq/1939.SKBTI.0660.fastq.gz
1939.SKBTI.0661	/dartfs-hpc/rc/lab/H/HoenA/Lab/QNguyen/ResultsFiles/data/gevers_data/fastq/1939.SKBTI.0661.fastq.gz
1939.SKBTI.0662	/dartfs-hpc/rc/lab/H/HoenA/Lab/QNguyen/ResultsFiles/data/gevers_data/fastq/1939.SKBTI.0662.fastq.gz
1939.SKBTI.0663	/dartfs-hpc/rc/lab/H/HoenA/Lab/QNguyen/ResultsFiles/data/gevers_data/fastq/1939.SKBTI.0663.fastq.gz
1939.SKBTI.0664	/dartfs-hpc/rc/lab/H/HoenA/Lab/QNguyen/ResultsFiles/data/gevers_data/fastq/1939.SKBTI.0664.fastq.gz
1939.SKBTI.0665	/dartfs-hpc/rc/lab/H/HoenA/Lab/QNguyen/ResultsFiles/data/gevers_data/fastq/1939.SKBTI.0665.fastq.gz
1939.SKBTI.0666	/dartfs-hpc/rc/lab/H/HoenA/Lab/QNguyen/ResultsFiles/data/gevers_data/fastq/1939.SKBTI.0666.fastq.gz
1939.SKBTI.0667	/dartfs-hpc/rc/lab/H/HoenA/Lab/QNguyen/ResultsFiles/data/gevers_data/fastq/1939.SKBTI.0667.fastq.gz
1939.SKBTI.0669	/dartfs-hpc/rc/lab/H/HoenA/Lab/QNguyen/ResultsFiles/data/gevers_data/fastq/1939.SKBTI.0669.fastq.gz
1939.SKBTI.0670	/dartfs-hpc/rc/lab/H/HoenA/Lab/QNguyen/ResultsFiles/data/gevers_data/fastq/1939.SKBTI.0670.fastq.gz
1939.SKBTI.0671	/dartfs-hpc/rc/lab/H/HoenA/Lab/QNguyen/ResultsFiles/data/gevers_data/fastq/1939.SKBTI.0671.fastq.gz
1939.SKBTI.0672.a	/dartfs-hpc/rc/lab/H/HoenA/Lab/QNguyen/ResultsFiles/data/gevers_data/fastq/1939.SKBTI.0672.a.fastq.gz
1939.SKBTI.0672.b	/dartfs-hpc/rc/lab/H/HoenA/Lab/QNguyen/ResultsFiles/data/gevers_data/fastq/1939.SKBTI.0672.b.fastq.gz
1939.SKBTI.0674	/dartfs-hpc/rc/lab/H/HoenA/Lab/QNguyen/ResultsFiles/data/gevers_data/fastq/1939.SKBTI.0674.fastq.gz
1939.SKBTI.0675	/dartfs-hpc/rc/lab/H/HoenA/Lab/QNguyen/ResultsFiles/data/gevers_data/fastq/1939.SKBTI.0675.fastq.gz
1939.SKBTI.0676	/dartfs-hpc/rc/lab/H/HoenA/Lab/QNguyen/ResultsFiles/data/gevers_data/fastq/1939.SKBTI.0676.fastq.gz
1939.SKBTI.0678	/dartfs-hpc/rc/lab/H/HoenA/Lab/QNguyen/ResultsFiles/data/gevers_data/fastq/1939.SKBTI.0678.fastq.gz
1939.SKBTI.0679	/dartfs-hpc/rc/lab/H/HoenA/Lab/QNguyen/ResultsFiles/data/gevers_data/fastq/1939.SKBTI.0679.fastq.gz
1939.SKBTI.0682	/dartfs-hpc/rc/lab/H/HoenA/Lab/QNguyen/ResultsFiles/data/gevers_data/fastq/1939.SKBTI.0682.fastq.gz
1939.SKBTI.0683	/dartfs-hpc/rc/lab/H/HoenA/Lab/QNguyen/ResultsFiles/data/gevers_data/fastq/1939.SKBTI.0683.fastq.gz
1939.SKBTI.0684	/dartfs-hpc/rc/lab/H/HoenA/Lab/QNguyen/ResultsFiles/data/gevers_data/fastq/1939.SKBTI.0684.fastq.gz
1939.SKBTI.0688	/dartfs-hpc/rc/lab/H/HoenA/Lab/QNguyen/ResultsFiles/data/gevers_data/fastq/1939.SKBTI.0688.fastq.gz
1939.SKBTI.0689	/dartfs-hpc/rc/lab/H/HoenA/Lab/QNguyen/ResultsFiles/data/gevers_data/fastq/1939.SKBTI.0689.fastq.gz
1939.SKBTI.0690	/dartfs-hpc/rc/lab/H/HoenA/Lab/QNguyen/ResultsFiles/data/gevers_data/fastq/1939.SKBTI.0690.fastq.gz
1939.SKBTI.0692	/dartfs-hpc/rc/lab/H/HoenA/Lab/QNguyen/ResultsFiles/data/gevers_data/fastq/1939.SKBTI.0692.fastq.gz
1939.SKBTI.0697	/dartfs-hpc/rc/lab/H/HoenA/Lab/QNguyen/ResultsFiles/data/gevers_data/fastq/1939.SKBTI.0697.fastq.gz
1939.SKBTI.0700	/dartfs-hpc/rc/lab/H/HoenA/Lab/QNguyen/ResultsFiles/data/gevers_data/fastq/1939.SKBTI.0700.fastq.gz
1939.SKBTI.0703	/dartfs-hpc/rc/lab/H/HoenA/Lab/QNguyen/ResultsFiles/data/gevers_data/fastq/1939.SKBTI.0703.fastq.gz
1939.SKBTI.0704	/dartfs-hpc/rc/lab/H/HoenA/Lab/QNguyen/ResultsFiles/data/gevers_data/fastq/1939.SKBTI.0704.fastq.gz
1939.SKBTI.0705.a	/dartfs-hpc/rc/lab/H/HoenA/Lab/QNguyen/ResultsFiles/data/gevers_data/fastq/1939.SKBTI.0705.a.fastq.gz
1939.SKBTI.0705.b	/dartfs-hpc/rc/lab/H/HoenA/Lab/QNguyen/ResultsFiles/data/gevers_data/fastq/1939.SKBTI.0705.b.fastq.gz
1939.SKBTI.0706	/dartfs-hpc/rc/lab/H/HoenA/Lab/QNguyen/ResultsFiles/data/gevers_data/fastq/1939.SKBTI.0706.fastq.gz
1939.SKBTI.0707	/dartfs-hpc/rc/lab/H/HoenA/Lab/QNguyen/ResultsFiles/data/gevers_data/fastq/1939.SKBTI.0707.fastq.gz
1939.SKBTI.0708	/dartfs-hpc/rc/lab/H/HoenA/Lab/QNguyen/ResultsFiles/data/gevers_data/fastq/1939.SKBTI.0708.fastq.gz
1939.SKBTI.0710	/dartfs-hpc/rc/lab/H/HoenA/Lab/QNguyen/ResultsFiles/data/gevers_data/fastq/1939.SKBTI.0710.fastq.gz
1939.SKBTI.0713	/dartfs-hpc/rc/lab/H/HoenA/Lab/QNguyen/ResultsFiles/data/gevers_data/fastq/1939.SKBTI.0713.fastq.gz
1939.SKBTI.0715	/dartfs-hpc/rc/lab/H/HoenA/Lab/QNguyen/ResultsFiles/data/gevers_data/fastq/1939.SKBTI.0715.fastq.gz
1939.SKBTI.0716	/dartfs-hpc/rc/lab/H/HoenA/Lab/QNguyen/ResultsFiles/data/gevers_data/fastq/1939.SKBTI.0716.fastq.gz
1939.SKBTI.0717	/dartfs-hpc/rc/lab/H/HoenA/Lab/QNguyen/ResultsFiles/data/gevers_data/fastq/1939.SKBTI.0717.fastq.gz
1939.SKBTI.0719	/dartfs-hpc/rc/lab/H/HoenA/Lab/QNguyen/ResultsFiles/data/gevers_data/fastq/1939.SKBTI.0719.fastq.gz
1939.SKBTI.0721	/dartfs-hpc/rc/lab/H/HoenA/Lab/QNguyen/ResultsFiles/data/gevers_data/fastq/1939.SKBTI.0721.fastq.gz
1939.SKBTI.0722	/dartfs-hpc/rc/lab/H/HoenA/Lab/QNguyen/ResultsFiles/data/gevers_data/fastq/1939.SKBTI.0722.fastq.gz
1939.SKBTI.0727	/dartfs-hpc/rc/lab/H/HoenA/Lab/QNguyen/ResultsFiles/data/gevers_data/fastq/1939.SKBTI.0727.fastq.gz
1939.SKBTI.0730	/dartfs-hpc/rc/lab/H/HoenA/Lab/QNguyen/ResultsFiles/data/gevers_data/fastq/1939.SKBTI.0730.fastq.gz
1939.SKBTI.0731.a	/dartfs-hpc/rc/lab/H/HoenA/Lab/QNguyen/ResultsFiles/data/gevers_data/fastq/1939.SKBTI.0731.a.fastq.gz
1939.SKBTI.0731.b	/dartfs-hpc/rc/lab/H/HoenA/Lab/QNguyen/ResultsFiles/data/gevers_data/fastq/1939.SKBTI.0731.b.fastq.gz
1939.SKBTI.0732	/dartfs-hpc/rc/lab/H/HoenA/Lab/QNguyen/ResultsFiles/data/gevers_data/fastq/1939.SKBTI.0732.fastq.gz
1939.SKBTI.0733	/dartfs-hpc/rc/lab/H/HoenA/Lab/QNguyen/ResultsFiles/data/gevers_data/fastq/1939.SKBTI.0733.fastq.gz
1939.SKBTI.0734	/dartfs-hpc/rc/lab/H/HoenA/Lab/QNguyen/ResultsFiles/data/gevers_data/fastq/1939.SKBTI.0734.fastq.gz
1939.SKBTI.0737	/dartfs-hpc/rc/lab/H/HoenA/Lab/QNguyen/ResultsFiles/data/gevers_data/fastq/1939.SKBTI.0737.fastq.gz
1939.SKBTI.0739	/dartfs-hpc/rc/lab/H/HoenA/Lab/QNguyen/ResultsFiles/data/gevers_data/fastq/1939.SKBTI.0739.fastq.gz
1939.SKBTI.0740	/dartfs-hpc/rc/lab/H/HoenA/Lab/QNguyen/ResultsFiles/data/gevers_data/fastq/1939.SKBTI.0740.fastq.gz
1939.SKBTI.0969	/dartfs-hpc/rc/lab/H/HoenA/Lab/QNguyen/ResultsFiles/data/gevers_data/fastq/1939.SKBTI.0969.fastq.gz
1939.SKBTI.1019	/dartfs-hpc/rc/lab/H/HoenA/Lab/QNguyen/ResultsFiles/data/gevers_data/fastq/1939.SKBTI.1019.fastq.gz
1939.SKBTI.1037	/dartfs-hpc/rc/lab/H/HoenA/Lab/QNguyen/ResultsFiles/data/gevers_data/fastq/1939.SKBTI.1037.fastq.gz
1939.SKBTI.1093	/dartfs-hpc/rc/lab/H/HoenA/Lab/QNguyen/ResultsFiles/data/gevers_data/fastq/1939.SKBTI.1093.fastq.gz
1939.SKBTI.1094	/dartfs-hpc/rc/lab/H/HoenA/Lab/QNguyen/ResultsFiles/data/gevers_data/fastq/1939.SKBTI.1094.fastq.gz
1939.SKBTI.1130	/dartfs-hpc/rc/lab/H/HoenA/Lab/QNguyen/ResultsFiles/data/gevers_data/fastq/1939.SKBTI.1130.fastq.gz
1939.SKBTI.1135	/dartfs-hpc/rc/lab/H/HoenA/Lab/QNguyen/ResultsFiles/data/gevers_data/fastq/1939.SKBTI.1135.fastq.gz
1939.SKBTI.1140	/dartfs-hpc/rc/lab/H/HoenA/Lab/QNguyen/ResultsFiles/data/gevers_data/fastq/1939.SKBTI.1140.fastq.gz
1939.SKBTI.1142	/dartfs-hpc/rc/lab/H/HoenA/Lab/QNguyen/ResultsFiles/data/gevers_data/fastq/1939.SKBTI.1142.fastq.gz
1939.SKBTI.1147	/dartfs-hpc/rc/lab/H/HoenA/Lab/QNguyen/ResultsFiles/data/gevers_data/fastq/1939.SKBTI.1147.fastq.gz
1939.SKBTI.1149	/dartfs-hpc/rc/lab/H/HoenA/Lab/QNguyen/ResultsFiles/data/gevers_data/fastq/1939.SKBTI.1149.fastq.gz
1939.SKBTI.1151	/dartfs-hpc/rc/lab/H/HoenA/Lab/QNguyen/ResultsFiles/data/gevers_data/fastq/1939.SKBTI.1151.fastq.gz
1939.SKBTI.1165	/dartfs-hpc/rc/lab/H/HoenA/Lab/QNguyen/ResultsFiles/data/gevers_data/fastq/1939.SKBTI.1165.fastq.gz
1939.SKBTI.1167	/dartfs-hpc/rc/lab/H/HoenA/Lab/QNguyen/ResultsFiles/data/gevers_data/fastq/1939.SKBTI.1167.fastq.gz
1939.SKBTI.1174	/dartfs-hpc/rc/lab/H/HoenA/Lab/QNguyen/ResultsFiles/data/gevers_data/fastq/1939.SKBTI.1174.fastq.gz
1939.SKBTI.1191	/dartfs-hpc/rc/lab/H/HoenA/Lab/QNguyen/ResultsFiles/data/gevers_data/fastq/1939.SKBTI.1191.fastq.gz
1939.SKBTI.1192	/dartfs-hpc/rc/lab/H/HoenA/Lab/QNguyen/ResultsFiles/data/gevers_data/fastq/1939.SKBTI.1192.fastq.gz
1939.SKBTI.1193	/dartfs-hpc/rc/lab/H/HoenA/Lab/QNguyen/ResultsFiles/data/gevers_data/fastq/1939.SKBTI.1193.fastq.gz
1939.SKBTI.1196	/dartfs-hpc/rc/lab/H/HoenA/Lab/QNguyen/ResultsFiles/data/gevers_data/fastq/1939.SKBTI.1196.fastq.gz
1939.SKBTI.1200	/dartfs-hpc/rc/lab/H/HoenA/Lab/QNguyen/ResultsFiles/data/gevers_data/fastq/1939.SKBTI.1200.fastq.gz
1939.SKBTI.1203	/dartfs-hpc/rc/lab/H/HoenA/Lab/QNguyen/ResultsFiles/data/gevers_data/fastq/1939.SKBTI.1203.fastq.gz
1939.SKBTI.1206	/dartfs-hpc/rc/lab/H/HoenA/Lab/QNguyen/ResultsFiles/data/gevers_data/fastq/1939.SKBTI.1206.fastq.gz
1939.SKBTI.1209	/dartfs-hpc/rc/lab/H/HoenA/Lab/QNguyen/ResultsFiles/data/gevers_data/fastq/1939.SKBTI.1209.fastq.gz
1939.SKBTI.1211	/dartfs-hpc/rc/lab/H/HoenA/Lab/QNguyen/ResultsFiles/data/gevers_data/fastq/1939.SKBTI.1211.fastq.gz
1939.SKBTI.1215	/dartfs-hpc/rc/lab/H/HoenA/Lab/QNguyen/ResultsFiles/data/gevers_data/fastq/1939.SKBTI.1215.fastq.gz
1939.SKBTI.1217	/dartfs-hpc/rc/lab/H/HoenA/Lab/QNguyen/ResultsFiles/data/gevers_data/fastq/1939.SKBTI.1217.fastq.gz
1939.SKBTI.1218	/dartfs-hpc/rc/lab/H/HoenA/Lab/QNguyen/ResultsFiles/data/gevers_data/fastq/1939.SKBTI.1218.fastq.gz
1939.SKBTI.1220	/dartfs-hpc/rc/lab/H/HoenA/Lab/QNguyen/ResultsFiles/data/gevers_data/fastq/1939.SKBTI.1220.fastq.gz
1939.SKBTI.1223	/dartfs-hpc/rc/lab/H/HoenA/Lab/QNguyen/ResultsFiles/data/gevers_data/fastq/1939.SKBTI.1223.fastq.gz
1939.SKBTI.1226	/dartfs-hpc/rc/lab/H/HoenA/Lab/QNguyen/ResultsFiles/data/gevers_data/fastq/1939.SKBTI.1226.fastq.gz
1939.SKBTI.1227	/dartfs-hpc/rc/lab/H/HoenA/Lab/QNguyen/ResultsFiles/data/gevers_data/fastq/1939.SKBTI.1227.fastq.gz
1939.SKBTI.1228	/dartfs-hpc/rc/lab/H/HoenA/Lab/QNguyen/ResultsFiles/data/gevers_data/fastq/1939.SKBTI.1228.fastq.gz
1939.SKBTI.1229	/dartfs-hpc/rc/lab/H/HoenA/Lab/QNguyen/ResultsFiles/data/gevers_data/fastq/1939.SKBTI.1229.fastq.gz
1939.SKBTI.1248	/dartfs-hpc/rc/lab/H/HoenA/Lab/QNguyen/ResultsFiles/data/gevers_data/fastq/1939.SKBTI.1248.fastq.gz
1939.SKBTI.1252	/dartfs-hpc/rc/lab/H/HoenA/Lab/QNguyen/ResultsFiles/data/gevers_data/fastq/1939.SKBTI.1252.fastq.gz
1939.SKBTI.1253	/dartfs-hpc/rc/lab/H/HoenA/Lab/QNguyen/ResultsFiles/data/gevers_data/fastq/1939.SKBTI.1253.fastq.gz
1939.SKBTI.1286	/dartfs-hpc/rc/lab/H/HoenA/Lab/QNguyen/ResultsFiles/data/gevers_data/fastq/1939.SKBTI.1286.fastq.gz
1939.SKBTI.1288	/dartfs-hpc/rc/lab/H/HoenA/Lab/QNguyen/ResultsFiles/data/gevers_data/fastq/1939.SKBTI.1288.fastq.gz
1939.SKBTI.1291	/dartfs-hpc/rc/lab/H/HoenA/Lab/QNguyen/ResultsFiles/data/gevers_data/fastq/1939.SKBTI.1291.fastq.gz
1939.SKBTI.1293	/dartfs-hpc/rc/lab/H/HoenA/Lab/QNguyen/ResultsFiles/data/gevers_data/fastq/1939.SKBTI.1293.fastq.gz
1939.SKBTI.1295	/dartfs-hpc/rc/lab/H/HoenA/Lab/QNguyen/ResultsFiles/data/gevers_data/fastq/1939.SKBTI.1295.fastq.gz
1939.SKBTI.1298	/dartfs-hpc/rc/lab/H/HoenA/Lab/QNguyen/ResultsFiles/data/gevers_data/fastq/1939.SKBTI.1298.fastq.gz
1939.SKBTI.1311	/dartfs-hpc/rc/lab/H/HoenA/Lab/QNguyen/ResultsFiles/data/gevers_data/fastq/1939.SKBTI.1311.fastq.gz
1939.SKBTI.1312	/dartfs-hpc/rc/lab/H/HoenA/Lab/QNguyen/ResultsFiles/data/gevers_data/fastq/1939.SKBTI.1312.fastq.gz
1939.SKBTI.1315	/dartfs-hpc/rc/lab/H/HoenA/Lab/QNguyen/ResultsFiles/data/gevers_data/fastq/1939.SKBTI.1315.fastq.gz
1939.SKBTI.1322	/dartfs-hpc/rc/lab/H/HoenA/Lab/QNguyen/ResultsFiles/data/gevers_data/fastq/1939.SKBTI.1322.fastq.gz
1939.SKBTI.1325	/dartfs-hpc/rc/lab/H/HoenA/Lab/QNguyen/ResultsFiles/data/gevers_data/fastq/1939.SKBTI.1325.fastq.gz
1939.SKBTI.1328	/dartfs-hpc/rc/lab/H/HoenA/Lab/QNguyen/ResultsFiles/data/gevers_data/fastq/1939.SKBTI.1328.fastq.gz
1939.SKBTI.1332	/dartfs-hpc/rc/lab/H/HoenA/Lab/QNguyen/ResultsFiles/data/gevers_data/fastq/1939.SKBTI.1332.fastq.gz
1939.SKBTI.1334	/dartfs-hpc/rc/lab/H/HoenA/Lab/QNguyen/ResultsFiles/data/gevers_data/fastq/1939.SKBTI.1334.fastq.gz
1939.SKBTI.1339	/dartfs-hpc/rc/lab/H/HoenA/Lab/QNguyen/ResultsFiles/data/gevers_data/fastq/1939.SKBTI.1339.fastq.gz
1939.SKBTI.1341	/dartfs-hpc/rc/lab/H/HoenA/Lab/QNguyen/ResultsFiles/data/gevers_data/fastq/1939.SKBTI.1341.fastq.gz
1939.SKBTI.1343	/dartfs-hpc/rc/lab/H/HoenA/Lab/QNguyen/ResultsFiles/data/gevers_data/fastq/1939.SKBTI.1343.fastq.gz
1939.SKBTI.1350	/dartfs-hpc/rc/lab/H/HoenA/Lab/QNguyen/ResultsFiles/data/gevers_data/fastq/1939.SKBTI.1350.fastq.gz
1939.SKBTI.1352	/dartfs-hpc/rc/lab/H/HoenA/Lab/QNguyen/ResultsFiles/data/gevers_data/fastq/1939.SKBTI.1352.fastq.gz
1939.SKBTI.1354	/dartfs-hpc/rc/lab/H/HoenA/Lab/QNguyen/ResultsFiles/data/gevers_data/fastq/1939.SKBTI.1354.fastq.gz
1939.SKBTI.1355	/dartfs-hpc/rc/lab/H/HoenA/Lab/QNguyen/ResultsFiles/data/gevers_data/fastq/1939.SKBTI.1355.fastq.gz
1939.SKBTI002	/dartfs-hpc/rc/lab/H/HoenA/Lab/QNguyen/ResultsFiles/data/gevers_data/fastq/1939.SKBTI002.fastq.gz
1939.SKBTI003.a	/dartfs-hpc/rc/lab/H/HoenA/Lab/QNguyen/ResultsFiles/data/gevers_data/fastq/1939.SKBTI003.a.fastq.gz
1939.SKBTI003.b	/dartfs-hpc/rc/lab/H/HoenA/Lab/QNguyen/ResultsFiles/data/gevers_data/fastq/1939.SKBTI003.b.fastq.gz
1939.SKBTI004	/dartfs-hpc/rc/lab/H/HoenA/Lab/QNguyen/ResultsFiles/data/gevers_data/fastq/1939.SKBTI004.fastq.gz
1939.SKBTI006	/dartfs-hpc/rc/lab/H/HoenA/Lab/QNguyen/ResultsFiles/data/gevers_data/fastq/1939.SKBTI006.fastq.gz
1939.SKBTI008	/dartfs-hpc/rc/lab/H/HoenA/Lab/QNguyen/ResultsFiles/data/gevers_data/fastq/1939.SKBTI008.fastq.gz
1939.SKBTI009	/dartfs-hpc/rc/lab/H/HoenA/Lab/QNguyen/ResultsFiles/data/gevers_data/fastq/1939.SKBTI009.fastq.gz
1939.SKBTI011	/dartfs-hpc/rc/lab/H/HoenA/Lab/QNguyen/ResultsFiles/data/gevers_data/fastq/1939.SKBTI011.fastq.gz
1939.SKBTI012	/dartfs-hpc/rc/lab/H/HoenA/Lab/QNguyen/ResultsFiles/data/gevers_data/fastq/1939.SKBTI012.fastq.gz
1939.SKBTI013	/dartfs-hpc/rc/lab/H/HoenA/Lab/QNguyen/ResultsFiles/data/gevers_data/fastq/1939.SKBTI013.fastq.gz
1939.SKBTI014	/dartfs-hpc/rc/lab/H/HoenA/Lab/QNguyen/ResultsFiles/data/gevers_data/fastq/1939.SKBTI014.fastq.gz
1939.SKBTI015	/dartfs-hpc/rc/lab/H/HoenA/Lab/QNguyen/ResultsFiles/data/gevers_data/fastq/1939.SKBTI015.fastq.gz
1939.SKBTI016	/dartfs-hpc/rc/lab/H/HoenA/Lab/QNguyen/ResultsFiles/data/gevers_data/fastq/1939.SKBTI016.fastq.gz
1939.SKBTI018	/dartfs-hpc/rc/lab/H/HoenA/Lab/QNguyen/ResultsFiles/data/gevers_data/fastq/1939.SKBTI018.fastq.gz
1939.SKBTI019	/dartfs-hpc/rc/lab/H/HoenA/Lab/QNguyen/ResultsFiles/data/gevers_data/fastq/1939.SKBTI019.fastq.gz
1939.SKBTI020	/dartfs-hpc/rc/lab/H/HoenA/Lab/QNguyen/ResultsFiles/data/gevers_data/fastq/1939.SKBTI020.fastq.gz
1939.SKBTI021	/dartfs-hpc/rc/lab/H/HoenA/Lab/QNguyen/ResultsFiles/data/gevers_data/fastq/1939.SKBTI021.fastq.gz
1939.SKBTI022	/dartfs-hpc/rc/lab/H/HoenA/Lab/QNguyen/ResultsFiles/data/gevers_data/fastq/1939.SKBTI022.fastq.gz
1939.SKBTI023	/dartfs-hpc/rc/lab/H/HoenA/Lab/QNguyen/ResultsFiles/data/gevers_data/fastq/1939.SKBTI023.fastq.gz
1939.SKBTI024	/dartfs-hpc/rc/lab/H/HoenA/Lab/QNguyen/ResultsFiles/data/gevers_data/fastq/1939.SKBTI024.fastq.gz
1939.SKBTI025	/dartfs-hpc/rc/lab/H/HoenA/Lab/QNguyen/ResultsFiles/data/gevers_data/fastq/1939.SKBTI025.fastq.gz
1939.SKBTI026	/dartfs-hpc/rc/lab/H/HoenA/Lab/QNguyen/ResultsFiles/data/gevers_data/fastq/1939.SKBTI026.fastq.gz
1939.SKBTI027	/dartfs-hpc/rc/lab/H/HoenA/Lab/QNguyen/ResultsFiles/data/gevers_data/fastq/1939.SKBTI027.fastq.gz
1939.SKBTI028	/dartfs-hpc/rc/lab/H/HoenA/Lab/QNguyen/ResultsFiles/data/gevers_data/fastq/1939.SKBTI028.fastq.gz
1939.SKBTI029	/dartfs-hpc/rc/lab/H/HoenA/Lab/QNguyen/ResultsFiles/data/gevers_data/fastq/1939.SKBTI029.fastq.gz
1939.SKBTI030	/dartfs-hpc/rc/lab/H/HoenA/Lab/QNguyen/ResultsFiles/data/gevers_data/fastq/1939.SKBTI030.fastq.gz
1939.SKBTI031	/dartfs-hpc/rc/lab/H/HoenA/Lab/QNguyen/ResultsFiles/data/gevers_data/fastq/1939.SKBTI031.fastq.gz
1939.SKBTI032	/dartfs-hpc/rc/lab/H/HoenA/Lab/QNguyen/ResultsFiles/data/gevers_data/fastq/1939.SKBTI032.fastq.gz
1939.SKBTI033	/dartfs-hpc/rc/lab/H/HoenA/Lab/QNguyen/ResultsFiles/data/gevers_data/fastq/1939.SKBTI033.fastq.gz
1939.SKBTI034	/dartfs-hpc/rc/lab/H/HoenA/Lab/QNguyen/ResultsFiles/data/gevers_data/fastq/1939.SKBTI034.fastq.gz
1939.SKBTI035	/dartfs-hpc/rc/lab/H/HoenA/Lab/QNguyen/ResultsFiles/data/gevers_data/fastq/1939.SKBTI035.fastq.gz
1939.SKBTI036	/dartfs-hpc/rc/lab/H/HoenA/Lab/QNguyen/ResultsFiles/data/gevers_data/fastq/1939.SKBTI036.fastq.gz
1939.SKBTI037	/dartfs-hpc/rc/lab/H/HoenA/Lab/QNguyen/ResultsFiles/data/gevers_data/fastq/1939.SKBTI037.fastq.gz
1939.SKBTI038	/dartfs-hpc/rc/lab/H/HoenA/Lab/QNguyen/ResultsFiles/data/gevers_data/fastq/1939.SKBTI038.fastq.gz
1939.SKBTI039	/dartfs-hpc/rc/lab/H/HoenA/Lab/QNguyen/ResultsFiles/data/gevers_data/fastq/1939.SKBTI039.fastq.gz
1939.SKBTI040	/dartfs-hpc/rc/lab/H/HoenA/Lab/QNguyen/ResultsFiles/data/gevers_data/fastq/1939.SKBTI040.fastq.gz
1939.SKBTI041	/dartfs-hpc/rc/lab/H/HoenA/Lab/QNguyen/ResultsFiles/data/gevers_data/fastq/1939.SKBTI041.fastq.gz
1939.SKBTI042	/dartfs-hpc/rc/lab/H/HoenA/Lab/QNguyen/ResultsFiles/data/gevers_data/fastq/1939.SKBTI042.fastq.gz
1939.SKBTI043	/dartfs-hpc/rc/lab/H/HoenA/Lab/QNguyen/ResultsFiles/data/gevers_data/fastq/1939.SKBTI043.fastq.gz
1939.SKBTI044	/dartfs-hpc/rc/lab/H/HoenA/Lab/QNguyen/ResultsFiles/data/gevers_data/fastq/1939.SKBTI044.fastq.gz
1939.SKBTI045	/dartfs-hpc/rc/lab/H/HoenA/Lab/QNguyen/ResultsFiles/data/gevers_data/fastq/1939.SKBTI045.fastq.gz
1939.SKBTI046.a	/dartfs-hpc/rc/lab/H/HoenA/Lab/QNguyen/ResultsFiles/data/gevers_data/fastq/1939.SKBTI046.a.fastq.gz
1939.SKBTI046.b	/dartfs-hpc/rc/lab/H/HoenA/Lab/QNguyen/ResultsFiles/data/gevers_data/fastq/1939.SKBTI046.b.fastq.gz
1939.SKBTI047	/dartfs-hpc/rc/lab/H/HoenA/Lab/QNguyen/ResultsFiles/data/gevers_data/fastq/1939.SKBTI047.fastq.gz
1939.SKBTI048	/dartfs-hpc/rc/lab/H/HoenA/Lab/QNguyen/ResultsFiles/data/gevers_data/fastq/1939.SKBTI048.fastq.gz
1939.SKBTI049	/dartfs-hpc/rc/lab/H/HoenA/Lab/QNguyen/ResultsFiles/data/gevers_data/fastq/1939.SKBTI049.fastq.gz
1939.SKBTI050	/dartfs-hpc/rc/lab/H/HoenA/Lab/QNguyen/ResultsFiles/data/gevers_data/fastq/1939.SKBTI050.fastq.gz
1939.SKBTI051	/dartfs-hpc/rc/lab/H/HoenA/Lab/QNguyen/ResultsFiles/data/gevers_data/fastq/1939.SKBTI051.fastq.gz
1939.SKBTI052	/dartfs-hpc/rc/lab/H/HoenA/Lab/QNguyen/ResultsFiles/data/gevers_data/fastq/1939.SKBTI052.fastq.gz
1939.SKBTI053	/dartfs-hpc/rc/lab/H/HoenA/Lab/QNguyen/ResultsFiles/data/gevers_data/fastq/1939.SKBTI053.fastq.gz
1939.SKBTI054	/dartfs-hpc/rc/lab/H/HoenA/Lab/QNguyen/ResultsFiles/data/gevers_data/fastq/1939.SKBTI054.fastq.gz
1939.SKBTI055	/dartfs-hpc/rc/lab/H/HoenA/Lab/QNguyen/ResultsFiles/data/gevers_data/fastq/1939.SKBTI055.fastq.gz
1939.SKBTI056	/dartfs-hpc/rc/lab/H/HoenA/Lab/QNguyen/ResultsFiles/data/gevers_data/fastq/1939.SKBTI056.fastq.gz
1939.SKBTI057	/dartfs-hpc/rc/lab/H/HoenA/Lab/QNguyen/ResultsFiles/data/gevers_data/fastq/1939.SKBTI057.fastq.gz
1939.SKBTI058	/dartfs-hpc/rc/lab/H/HoenA/Lab/QNguyen/ResultsFiles/data/gevers_data/fastq/1939.SKBTI058.fastq.gz
1939.SKBTI059	/dartfs-hpc/rc/lab/H/HoenA/Lab/QNguyen/ResultsFiles/data/gevers_data/fastq/1939.SKBTI059.fastq.gz
1939.SKBTI060	/dartfs-hpc/rc/lab/H/HoenA/Lab/QNguyen/ResultsFiles/data/gevers_data/fastq/1939.SKBTI060.fastq.gz
1939.SKBTI061	/dartfs-hpc/rc/lab/H/HoenA/Lab/QNguyen/ResultsFiles/data/gevers_data/fastq/1939.SKBTI061.fastq.gz
1939.SKBTI062.a	/dartfs-hpc/rc/lab/H/HoenA/Lab/QNguyen/ResultsFiles/data/gevers_data/fastq/1939.SKBTI062.a.fastq.gz
1939.SKBTI062.b	/dartfs-hpc/rc/lab/H/HoenA/Lab/QNguyen/ResultsFiles/data/gevers_data/fastq/1939.SKBTI062.b.fastq.gz
1939.SKBTI063	/dartfs-hpc/rc/lab/H/HoenA/Lab/QNguyen/ResultsFiles/data/gevers_data/fastq/1939.SKBTI063.fastq.gz
1939.SKBTI064	/dartfs-hpc/rc/lab/H/HoenA/Lab/QNguyen/ResultsFiles/data/gevers_data/fastq/1939.SKBTI064.fastq.gz
1939.SKBTI065	/dartfs-hpc/rc/lab/H/HoenA/Lab/QNguyen/ResultsFiles/data/gevers_data/fastq/1939.SKBTI065.fastq.gz
1939.SKBTI066.a	/dartfs-hpc/rc/lab/H/HoenA/Lab/QNguyen/ResultsFiles/data/gevers_data/fastq/1939.SKBTI066.a.fastq.gz
1939.SKBTI066.b	/dartfs-hpc/rc/lab/H/HoenA/Lab/QNguyen/ResultsFiles/data/gevers_data/fastq/1939.SKBTI066.b.fastq.gz
1939.SKBTI067	/dartfs-hpc/rc/lab/H/HoenA/Lab/QNguyen/ResultsFiles/data/gevers_data/fastq/1939.SKBTI067.fastq.gz
1939.SKBTI068	/dartfs-hpc/rc/lab/H/HoenA/Lab/QNguyen/ResultsFiles/data/gevers_data/fastq/1939.SKBTI068.fastq.gz
1939.SKBTI069	/dartfs-hpc/rc/lab/H/HoenA/Lab/QNguyen/ResultsFiles/data/gevers_data/fastq/1939.SKBTI069.fastq.gz
1939.SKBTI070	/dartfs-hpc/rc/lab/H/HoenA/Lab/QNguyen/ResultsFiles/data/gevers_data/fastq/1939.SKBTI070.fastq.gz
1939.SKBTI071	/dartfs-hpc/rc/lab/H/HoenA/Lab/QNguyen/ResultsFiles/data/gevers_data/fastq/1939.SKBTI071.fastq.gz
1939.SKBTI072	/dartfs-hpc/rc/lab/H/HoenA/Lab/QNguyen/ResultsFiles/data/gevers_data/fastq/1939.SKBTI072.fastq.gz
1939.SKBTI073	/dartfs-hpc/rc/lab/H/HoenA/Lab/QNguyen/ResultsFiles/data/gevers_data/fastq/1939.SKBTI073.fastq.gz
1939.SKBTI074	/dartfs-hpc/rc/lab/H/HoenA/Lab/QNguyen/ResultsFiles/data/gevers_data/fastq/1939.SKBTI074.fastq.gz
1939.SKBTI075.a	/dartfs-hpc/rc/lab/H/HoenA/Lab/QNguyen/ResultsFiles/data/gevers_data/fastq/1939.SKBTI075.a.fastq.gz
1939.SKBTI075.b	/dartfs-hpc/rc/lab/H/HoenA/Lab/QNguyen/ResultsFiles/data/gevers_data/fastq/1939.SKBTI075.b.fastq.gz
1939.SKBTI076.a	/dartfs-hpc/rc/lab/H/HoenA/Lab/QNguyen/ResultsFiles/data/gevers_data/fastq/1939.SKBTI076.a.fastq.gz
1939.SKBTI076.b	/dartfs-hpc/rc/lab/H/HoenA/Lab/QNguyen/ResultsFiles/data/gevers_data/fastq/1939.SKBTI076.b.fastq.gz
1939.SKBTI077	/dartfs-hpc/rc/lab/H/HoenA/Lab/QNguyen/ResultsFiles/data/gevers_data/fastq/1939.SKBTI077.fastq.gz
1939.SKBTI078	/dartfs-hpc/rc/lab/H/HoenA/Lab/QNguyen/ResultsFiles/data/gevers_data/fastq/1939.SKBTI078.fastq.gz
1939.SKBTI079	/dartfs-hpc/rc/lab/H/HoenA/Lab/QNguyen/ResultsFiles/data/gevers_data/fastq/1939.SKBTI079.fastq.gz
1939.SKBTI080	/dartfs-hpc/rc/lab/H/HoenA/Lab/QNguyen/ResultsFiles/data/gevers_data/fastq/1939.SKBTI080.fastq.gz
1939.SKBTI081	/dartfs-hpc/rc/lab/H/HoenA/Lab/QNguyen/ResultsFiles/data/gevers_data/fastq/1939.SKBTI081.fastq.gz
1939.SKBTI082.a	/dartfs-hpc/rc/lab/H/HoenA/Lab/QNguyen/ResultsFiles/data/gevers_data/fastq/1939.SKBTI082.a.fastq.gz
1939.SKBTI082.b	/dartfs-hpc/rc/lab/H/HoenA/Lab/QNguyen/ResultsFiles/data/gevers_data/fastq/1939.SKBTI082.b.fastq.gz
1939.SKBTI083	/dartfs-hpc/rc/lab/H/HoenA/Lab/QNguyen/ResultsFiles/data/gevers_data/fastq/1939.SKBTI083.fastq.gz
1939.SKBTI085	/dartfs-hpc/rc/lab/H/HoenA/Lab/QNguyen/ResultsFiles/data/gevers_data/fastq/1939.SKBTI085.fastq.gz
1939.SKBTI086	/dartfs-hpc/rc/lab/H/HoenA/Lab/QNguyen/ResultsFiles/data/gevers_data/fastq/1939.SKBTI086.fastq.gz
1939.SKBTI087	/dartfs-hpc/rc/lab/H/HoenA/Lab/QNguyen/ResultsFiles/data/gevers_data/fastq/1939.SKBTI087.fastq.gz
1939.SKBTI088	/dartfs-hpc/rc/lab/H/HoenA/Lab/QNguyen/ResultsFiles/data/gevers_data/fastq/1939.SKBTI088.fastq.gz
1939.SKBTI089.a	/dartfs-hpc/rc/lab/H/HoenA/Lab/QNguyen/ResultsFiles/data/gevers_data/fastq/1939.SKBTI089.a.fastq.gz
1939.SKBTI089.b	/dartfs-hpc/rc/lab/H/HoenA/Lab/QNguyen/ResultsFiles/data/gevers_data/fastq/1939.SKBTI089.b.fastq.gz
1939.SKBTI090	/dartfs-hpc/rc/lab/H/HoenA/Lab/QNguyen/ResultsFiles/data/gevers_data/fastq/1939.SKBTI090.fastq.gz
1939.SKBTI091.a	/dartfs-hpc/rc/lab/H/HoenA/Lab/QNguyen/ResultsFiles/data/gevers_data/fastq/1939.SKBTI091.a.fastq.gz
1939.SKBTI091.b	/dartfs-hpc/rc/lab/H/HoenA/Lab/QNguyen/ResultsFiles/data/gevers_data/fastq/1939.SKBTI091.b.fastq.gz
1939.SKBTI092.a	/dartfs-hpc/rc/lab/H/HoenA/Lab/QNguyen/ResultsFiles/data/gevers_data/fastq/1939.SKBTI092.a.fastq.gz
1939.SKBTI092.b	/dartfs-hpc/rc/lab/H/HoenA/Lab/QNguyen/ResultsFiles/data/gevers_data/fastq/1939.SKBTI092.b.fastq.gz
1939.SKBTI093	/dartfs-hpc/rc/lab/H/HoenA/Lab/QNguyen/ResultsFiles/data/gevers_data/fastq/1939.SKBTI093.fastq.gz
1939.SKBTI094	/dartfs-hpc/rc/lab/H/HoenA/Lab/QNguyen/ResultsFiles/data/gevers_data/fastq/1939.SKBTI094.fastq.gz
1939.SKBTI095	/dartfs-hpc/rc/lab/H/HoenA/Lab/QNguyen/ResultsFiles/data/gevers_data/fastq/1939.SKBTI095.fastq.gz
1939.SKBTI096	/dartfs-hpc/rc/lab/H/HoenA/Lab/QNguyen/ResultsFiles/data/gevers_data/fastq/1939.SKBTI096.fastq.gz
